-- phpMyAdmin SQL Dump
-- version 5.1.1
-- https://www.phpmyadmin.net/
--
-- Host: 127.0.0.1
-- Generation Time: May 10, 2022 at 03:43 PM
-- Server version: 10.4.22-MariaDB
-- PHP Version: 7.4.27

SET SQL_MODE = "NO_AUTO_VALUE_ON_ZERO";
START TRANSACTION;
SET time_zone = "+00:00";


/*!40101 SET @OLD_CHARACTER_SET_CLIENT=@@CHARACTER_SET_CLIENT */;
/*!40101 SET @OLD_CHARACTER_SET_RESULTS=@@CHARACTER_SET_RESULTS */;
/*!40101 SET @OLD_COLLATION_CONNECTION=@@COLLATION_CONNECTION */;
/*!40101 SET NAMES utf8mb4 */;

--
-- Database: `n3store`
--

-- --------------------------------------------------------

--
-- Table structure for table `admin_users`
--

CREATE TABLE `admin_users` (
  `id` int(10) UNSIGNED NOT NULL,
  `name` varchar(255) COLLATE utf8_unicode_ci NOT NULL,
  `email` varchar(255) COLLATE utf8_unicode_ci NOT NULL,
  `password` varchar(255) COLLATE utf8_unicode_ci NOT NULL,
  `level` varchar(255) COLLATE utf8_unicode_ci NOT NULL,
  `remember_token` varchar(100) COLLATE utf8_unicode_ci DEFAULT NULL,
  `created_at` timestamp NULL DEFAULT NULL,
  `updated_at` timestamp NULL DEFAULT NULL
) ENGINE=InnoDB DEFAULT CHARSET=utf8 COLLATE=utf8_unicode_ci;

--
-- Dumping data for table `admin_users`
--

INSERT INTO `admin_users` (`id`, `name`, `email`, `password`, `level`, `remember_token`, `created_at`, `updated_at`) VALUES
(1, 'N3Admin', 'n3store999@gmail.com', '$2y$10$q3UFgqoa.mt5Yx1dVEBT.ee6CZkLk7p7U4Y.kbYQh6PLJ/mxgenJm', '100', 'yxht74mSND8jBhDhreKIRDRDTQslnXts5DL67xjqXXJ7kFp45SMUWLDNgATU', '2022-05-02 00:38:38', '2022-05-06 09:36:13');

-- --------------------------------------------------------

--
-- Table structure for table `banners`
--

CREATE TABLE `banners` (
  `id` int(10) UNSIGNED NOT NULL,
  `name` varchar(255) COLLATE utf8_unicode_ci NOT NULL,
  `url` text COLLATE utf8_unicode_ci NOT NULL,
  `url_banner` text COLLATE utf8_unicode_ci NOT NULL,
  `pos` int(11) NOT NULL,
  `status` int(11) NOT NULL,
  `user_id` int(10) UNSIGNED NOT NULL,
  `created_at` timestamp NULL DEFAULT NULL,
  `updated_at` timestamp NULL DEFAULT NULL
) ENGINE=InnoDB DEFAULT CHARSET=utf8 COLLATE=utf8_unicode_ci;

-- --------------------------------------------------------

--
-- Table structure for table `category`
--

CREATE TABLE `category` (
  `id` int(10) UNSIGNED NOT NULL,
  `name` varchar(255) COLLATE utf8_unicode_ci NOT NULL,
  `slug` varchar(255) COLLATE utf8_unicode_ci NOT NULL,
  `parent_id` varchar(255) COLLATE utf8_unicode_ci NOT NULL,
  `created_at` timestamp NULL DEFAULT NULL,
  `updated_at` timestamp NULL DEFAULT NULL
) ENGINE=InnoDB DEFAULT CHARSET=utf8 COLLATE=utf8_unicode_ci;

--
-- Dumping data for table `category`
--

INSERT INTO `category` (`id`, `name`, `slug`, `parent_id`, `created_at`, `updated_at`) VALUES
(1, 'Điện thoại', 'dien-thoai', '0', '2016-11-23 20:01:57', '2022-05-02 06:49:30'),
(3, ' Vivo', 'vivo', '1', '2016-11-23 20:17:01', '2022-05-07 20:24:01'),
(4, ' Samsung', 'samsung', '1', '2016-11-23 20:17:39', '2022-05-02 06:49:43'),
(13, 'Tin Khuyến Mãi', 'tin-khuyen-mai', '0', '2016-11-24 01:38:46', '2022-05-02 06:49:09'),
(14, 'Quảng Cáo', 'quang-cao', '0', '2016-11-24 01:38:57', '2022-05-02 06:49:20'),
(15, ' Apple ', 'apple', '1', '2016-11-24 01:56:05', '2022-05-02 06:49:52'),
(16, ' OPPO', 'oppo', '1', '2016-11-25 02:00:27', '2022-05-02 06:49:57'),
(52, ' Xả hàng tồn kho', 'xa-hang-ton-kho', '13', '2022-05-06 09:19:47', '2022-05-07 19:34:29');

-- --------------------------------------------------------

--
-- Table structure for table `detail_img`
--

CREATE TABLE `detail_img` (
  `id` int(10) UNSIGNED NOT NULL,
  `images_url` text COLLATE utf8_unicode_ci NOT NULL,
  `pro_id` int(10) UNSIGNED NOT NULL,
  `created_at` timestamp NULL DEFAULT NULL,
  `updated_at` timestamp NULL DEFAULT NULL
) ENGINE=InnoDB DEFAULT CHARSET=utf8 COLLATE=utf8_unicode_ci;

--
-- Dumping data for table `detail_img`
--

INSERT INTO `detail_img` (`id`, `images_url`, `pro_id`, `created_at`, `updated_at`) VALUES
(76, '1651850399_galaxy-s22-`.jpg', 95, '2022-05-06 08:19:59', '2022-05-06 08:19:59'),
(77, '1651850399_galaxy-s22-2.jpg', 95, '2022-05-06 08:19:59', '2022-05-06 08:19:59'),
(78, '1651850399_galaxy-s22-3.jpg', 95, '2022-05-06 08:19:59', '2022-05-06 08:19:59'),
(79, '1651851082_samsung-galaxy-z-fold-1.jpg', 96, '2022-05-06 08:31:22', '2022-05-06 08:31:22'),
(80, '1651851082_samsung-galaxy-z-fold3-2.jpg', 96, '2022-05-06 08:31:22', '2022-05-06 08:31:22'),
(81, '1651851082_samsung-galaxy-z-fold3-3.jpg', 96, '2022-05-06 08:31:22', '2022-05-06 08:31:22'),
(82, '1651851082_samsung-galaxy-z-fold3-4.jpg', 96, '2022-05-06 08:31:22', '2022-05-06 08:31:22'),
(83, '1651851082_samsung-galaxy-z-fold3-5.jpg', 96, '2022-05-06 08:31:22', '2022-05-06 08:31:22'),
(84, '1651851540_galaxy-s22-`.jpg', 97, '2022-05-06 08:39:00', '2022-05-06 08:39:00'),
(85, '1651851540_galaxy-s22-2.jpg', 97, '2022-05-06 08:39:00', '2022-05-06 08:39:00'),
(86, '1651851540_galaxy-s22-3.jpg', 97, '2022-05-06 08:39:00', '2022-05-06 08:39:00'),
(87, '1651852043_iphone-13-pro-max-1.jpg', 98, '2022-05-06 08:47:23', '2022-05-06 08:47:23'),
(88, '1651852043_iphone-13-pro-max-2.jpg', 98, '2022-05-06 08:47:23', '2022-05-06 08:47:23'),
(89, '1651852043_iphone-13-pro-max-3.jpg', 98, '2022-05-06 08:47:23', '2022-05-06 08:47:23'),
(90, '1651852043_iphone-13-pro-max-4.jpg', 98, '2022-05-06 08:47:23', '2022-05-06 08:47:23'),
(95, '1652147318_oppo-reno5-5g-1.jpg', 103, '2022-05-09 18:48:38', '2022-05-09 18:48:38'),
(96, '1652147318_oppo-reno5-5g-2.jpg', 103, '2022-05-09 18:48:38', '2022-05-09 18:48:38'),
(97, '1652147318_oppo-reno5-5g-3.jpg', 103, '2022-05-09 18:48:38', '2022-05-09 18:48:38'),
(98, '1652147318_vi-vn-oppo-reno5-5g-4.jpg', 103, '2022-05-09 18:48:38', '2022-05-09 18:48:38'),
(105, '1652148253_vi-vn-vivo-y15s-2021-1.jpg', 104, '2022-05-09 19:04:13', '2022-05-09 19:04:13'),
(106, '1652148253_vi-vn-vivo-y15s-2021-2.jpg', 104, '2022-05-09 19:04:13', '2022-05-09 19:04:13'),
(107, '1652148253_vi-vn-vivo-y15s-2021-3.jpg', 104, '2022-05-09 19:04:13', '2022-05-09 19:04:13'),
(108, '1652148253_vi-vn-vivo-y15s-20214.jpg', 104, '2022-05-09 19:04:13', '2022-05-09 19:04:13'),
(109, '1652148253_vi-vn-vivo-y15s-2021-1.jpg', 104, '2022-05-09 19:04:13', '2022-05-09 19:04:13');

-- --------------------------------------------------------

--
-- Table structure for table `migrations`
--

CREATE TABLE `migrations` (
  `migration` varchar(255) COLLATE utf8_unicode_ci NOT NULL,
  `batch` int(11) NOT NULL
) ENGINE=InnoDB DEFAULT CHARSET=utf8 COLLATE=utf8_unicode_ci;

--
-- Dumping data for table `migrations`
--

INSERT INTO `migrations` (`migration`, `batch`) VALUES
('create_users_table', 1),
('create_password_resets_table', 1),
('create_admin_users_table', 1),
('create_categor_table', 1),
('create_products_table', 1),
('create_pro_details_table', 1),
('create_detal_img_table', 1),
('create_news_table', 1),
('create_banners_table', 1),
('create_oders_table', 2),
('create_oders_detail_table', 3),
('create_oders_table', 4),
('create_oders_detail_table', 4);

-- --------------------------------------------------------

--
-- Table structure for table `news`
--

CREATE TABLE `news` (
  `id` int(10) UNSIGNED NOT NULL,
  `title` varchar(255) COLLATE utf8_unicode_ci NOT NULL,
  `slug` varchar(255) COLLATE utf8_unicode_ci NOT NULL,
  `author` varchar(255) COLLATE utf8_unicode_ci NOT NULL,
  `intro` varchar(255) COLLATE utf8_unicode_ci NOT NULL,
  `full` text COLLATE utf8_unicode_ci NOT NULL,
  `images` text COLLATE utf8_unicode_ci NOT NULL,
  `tag` text COLLATE utf8_unicode_ci NOT NULL,
  `status` int(11) NOT NULL,
  `source` text COLLATE utf8_unicode_ci NOT NULL,
  `cat_id` int(10) UNSIGNED NOT NULL,
  `user_id` int(10) UNSIGNED NOT NULL,
  `created_at` timestamp NULL DEFAULT NULL,
  `updated_at` timestamp NULL DEFAULT NULL
) ENGINE=InnoDB DEFAULT CHARSET=utf8 COLLATE=utf8_unicode_ci;

--
-- Dumping data for table `news`
--

INSERT INTO `news` (`id`, `title`, `slug`, `author`, `intro`, `full`, `images`, `tag`, `status`, `source`, `cat_id`, `user_id`, `created_at`, `updated_at`) VALUES
(27, 'Xả hàng Smartphone', 'xa-hang-smartphone', 'N3Admin1', '<p>Xả h&agrave;ng tồn kho, gi&aacute; rẻ khỏi lo</p>\r\n', '<h1><strong>ĐIỀU KIỆN &Aacute;P DỤNG MUA H&Agrave;NG</strong></h1>\r\n\r\n<h2><strong>1. Về giao h&agrave;ng:</strong></h2>\r\n\r\n<p>- Miễn ph&iacute; giao h&agrave;ng với đơn h&agrave;ng tr&ecirc;n 500.000đ</p>\r\n\r\n<p>- &Aacute;p dụng đặt v&agrave; nhận h&agrave;ng từ ng&agrave;y 01/04 - 31/05/2022</p>\r\n\r\n<p>- Chuyển h&agrave;ng c&oacute; t&iacute;nh ph&iacute;.</p>\r\n\r\n<h2><strong>2. Về Giới Hạn Số Lượng Mua:</strong></h2>\r\n\r\n<p>- Điện thoại: 1 số điện thoại chỉ được mua tối đa 2 sản phẩm tr&ecirc;n 1 model.</p>\r\n\r\n<p>- C&aacute;c sản phẩm c&ograve;n lại 1 số điện thoại mua kh&ocirc;ng giới hạn số lượng.</p>\r\n\r\n<p>- T&ugrave;y sản phẩm, t&ugrave;y chương tr&igrave;nh m&agrave; sẽ được &aacute;p dụng k&egrave;m c&aacute;c khuyến m&atilde;i kh&aacute;c hoặc trả g&oacute;p với c&aacute;c g&oacute;i l&atilde;i suất đặc biệt (0%, 0.5%, 1.25%...).</p>\r\n\r\n<p>- Mọi th&ocirc;ng tin thắc mắc vui l&ograve;ng comment b&ecirc;n dưới hoặc li&ecirc;n hệ tổng đ&agrave;i 1800.1060 v&agrave; 18001061 Xin cảm ơn!.</p>\r\n', '1651854064_khuyenmai3.png', 'Khuyến mãi, smartphone', 1, 'N3store', 52, 1, '2022-05-06 09:21:04', '2022-05-06 09:21:04');

-- --------------------------------------------------------

--
-- Table structure for table `oders`
--

CREATE TABLE `oders` (
  `id` int(10) UNSIGNED NOT NULL,
  `c_id` int(10) UNSIGNED NOT NULL,
  `qty` int(11) NOT NULL,
  `sub_total` float NOT NULL,
  `total` float NOT NULL,
  `status` int(11) NOT NULL,
  `type` varchar(50) COLLATE utf8_unicode_ci NOT NULL,
  `note` varchar(255) COLLATE utf8_unicode_ci NOT NULL,
  `created_at` timestamp NULL DEFAULT NULL,
  `updated_at` timestamp NULL DEFAULT NULL
) ENGINE=InnoDB DEFAULT CHARSET=utf8 COLLATE=utf8_unicode_ci;

--
-- Dumping data for table `oders`
--

INSERT INTO `oders` (`id`, `c_id`, `qty`, `sub_total`, `total`, `status`, `type`, `note`, `created_at`, `updated_at`) VALUES
(20, 4, 1, 30990000, 30990000, 1, 'cod', '                    \r\n                  ', '2022-05-08 00:56:29', '2022-05-08 00:56:48');

-- --------------------------------------------------------

--
-- Table structure for table `oders_detail`
--

CREATE TABLE `oders_detail` (
  `id` int(10) UNSIGNED NOT NULL,
  `pro_id` int(10) UNSIGNED NOT NULL,
  `qty` int(11) NOT NULL,
  `o_id` int(10) UNSIGNED NOT NULL,
  `created_at` timestamp NULL DEFAULT NULL,
  `updated_at` timestamp NULL DEFAULT NULL
) ENGINE=InnoDB DEFAULT CHARSET=utf8 COLLATE=utf8_unicode_ci;

--
-- Dumping data for table `oders_detail`
--

INSERT INTO `oders_detail` (`id`, `pro_id`, `qty`, `o_id`, `created_at`, `updated_at`) VALUES
(27, 95, 1, 20, '2022-05-08 00:56:29', '2022-05-08 00:56:29');

-- --------------------------------------------------------

--
-- Table structure for table `password_resets`
--

CREATE TABLE `password_resets` (
  `email` varchar(255) COLLATE utf8_unicode_ci NOT NULL,
  `token` varchar(255) COLLATE utf8_unicode_ci NOT NULL,
  `created_at` timestamp NOT NULL DEFAULT current_timestamp() ON UPDATE current_timestamp()
) ENGINE=InnoDB DEFAULT CHARSET=utf8 COLLATE=utf8_unicode_ci;

--
-- Dumping data for table `password_resets`
--

INSERT INTO `password_resets` (`email`, `token`, `created_at`) VALUES
('khang2022319@gmail.com', 'ace74449bd8da286c5b6e0acd1904733019921d26fbee9a5b36560bf8b20b61e', '2022-05-06 09:34:03');

-- --------------------------------------------------------

--
-- Table structure for table `products`
--

CREATE TABLE `products` (
  `id` int(10) UNSIGNED NOT NULL,
  `name` varchar(255) COLLATE utf8_unicode_ci NOT NULL,
  `slug` varchar(255) COLLATE utf8_unicode_ci NOT NULL,
  `intro` varchar(255) COLLATE utf8_unicode_ci NOT NULL,
  `promo1` varchar(255) COLLATE utf8_unicode_ci NOT NULL,
  `promo2` varchar(255) COLLATE utf8_unicode_ci NOT NULL,
  `promo3` varchar(255) COLLATE utf8_unicode_ci NOT NULL,
  `packet` varchar(255) COLLATE utf8_unicode_ci NOT NULL,
  `images` text COLLATE utf8_unicode_ci NOT NULL,
  `r_intro` text COLLATE utf8_unicode_ci NOT NULL,
  `review` text COLLATE utf8_unicode_ci NOT NULL,
  `tag` varchar(255) COLLATE utf8_unicode_ci NOT NULL,
  `price` float NOT NULL,
  `status` int(11) NOT NULL,
  `cat_id` int(10) UNSIGNED NOT NULL,
  `user_id` int(10) UNSIGNED NOT NULL,
  `created_at` timestamp NULL DEFAULT NULL,
  `updated_at` timestamp NULL DEFAULT NULL
) ENGINE=InnoDB DEFAULT CHARSET=utf8 COLLATE=utf8_unicode_ci;

--
-- Dumping data for table `products`
--

INSERT INTO `products` (`id`, `name`, `slug`, `intro`, `promo1`, `promo2`, `promo3`, `packet`, `images`, `r_intro`, `review`, `tag`, `price`, `status`, `cat_id`, `user_id`, `created_at`, `updated_at`) VALUES
(95, 'Điên thoại Samsung Galaxy S22 Ultra 5G 128GB ', 'dien-thoai-samsung-galaxy-s22-ultra-5g-128gb', 'Màn hình:  Dynamic AMOLED 2X6.8', 'Mã giảm 20% tối đa 100.000đ', 'FREEship đơn hàng từ 300.000đ', 'Ốp lưng giảm 24% khi mua kèm điện thoại Galaxy S22 Ultra', 'Bộ sản phẩm gồm: Hộp, Sách hướng dẫn, Bút cảm ứng, Cây lấy sim, Cáp Type C', '1652189042_Galaxy-S22-avt-removebg-.png', '<h3><strong><span style=\"font-size:18px\"><span style=\"font-family:times new roman,times,serif\"><a href=\"https://www.thegioididong.com/dtdd/samsung-galaxy-s22-ultra\" target=\"_blank\" title=\"Tham khảo điện thoại Samsung Galaxy S22 Ultra 5G kinh doanh tại Thegioididong.com\">Galaxy S22 Ultra 5G</a>&nbsp;chiếc smartphone cao cấp nhất trong bộ 3 Galaxy S22 series m&agrave;&nbsp;<a href=\"https://www.thegioididong.com/samsung\" target=\"_blank\" title=\"Tham khảo sản phẩm Samsung kinh doanh tại Thegioididong.com\">Samsung</a>&nbsp;đ&atilde; cho ra mắt. T&iacute;ch hợp b&uacute;t S Pen ho&agrave;n hảo trong th&acirc;n m&aacute;y, trang bị vi xử l&yacute; mạnh mẽ cho c&aacute;c t&aacute;c vụ sử dụng v&ocirc; c&ugrave;ng mượt m&agrave; v&agrave; nổi bật hơn với cụm camera kh&ocirc;ng viền độc đ&aacute;o mang đậm dấu ấn ri&ecirc;ng.</span></span></strong></h3>\r\n', '<h3><strong><span style=\"font-size:18px\"><span style=\"font-family:times new roman,times,serif\">Sở hữu một diện mạo đầy nổi bật</span></span></strong></h3>\r\n\r\n<p><span style=\"font-size:18px\"><span style=\"font-family:times new roman,times,serif\">Galaxy S22 Ultra 5G được kế thừa form thiết kế từ những d&ograve;ng Note trước đ&acirc;y của h&atilde;ng đem đến cho bạn c&oacute; cảm gi&aacute;c vừa mới lạ vừa ho&agrave;i niệm. Trọng lượng của m&aacute;y khoảng 228 g cho cảm gi&aacute;c cầm nắm đầm tay, khi cầm m&aacute;y trần th&igrave; hơi c&oacute; cảm gi&aacute;c dễ trượt.</span></span></p>\r\n\r\n<p>&nbsp;</p>\r\n\r\n<p><span style=\"font-size:18px\"><span style=\"font-family:times new roman,times,serif\"><a href=\"https://www.thegioididong.com/images/42/235838/samsung-galaxy-s22-ultra-10-2.jpg\" onclick=\"return false;\"><img alt=\"Galaxy S22 Ultra 5G - Thiết kế\" src=\"https://cdn.tgdd.vn/Products/Images/42/235838/samsung-galaxy-s22-ultra-10-2.jpg\" title=\"Galaxy S22 Ultra 5G - Thiết kế\" /></a></span></span></p>\r\n\r\n<p>&nbsp;</p>\r\n\r\n<p><span style=\"font-size:18px\"><span style=\"font-family:times new roman,times,serif\">Phần mặt lưng được l&agrave;m nh&aacute;m n&ecirc;n hạn chế tốt việc b&aacute;m dấu v&acirc;n tay, c&oacute; thiết kế cũng kh&aacute; đơn giản nhưng vẫn to&aacute;t l&ecirc;n vẻ sang trọng v&agrave; cao cấp của chiếc m&aacute;y. Cụm camera sau tr&ecirc;n Galaxy S22 Ultra 5G được thiết kế trần tạo cảm gi&aacute;c gọn g&agrave;ng v&agrave; cũng tạo n&ecirc;n một điểm nhấn độc đ&aacute;o cho chiếc m&aacute;y.</span></span></p>\r\n\r\n<p>&nbsp;</p>\r\n\r\n<p><span style=\"font-size:18px\"><span style=\"font-family:times new roman,times,serif\"><a href=\"https://www.thegioididong.com/images/42/235838/samsung-galaxy-s22-ultra-11-2.jpg\" onclick=\"return false;\"><img alt=\"Galaxy S22 Ultra 5G - Mặt lưng\" src=\"https://cdn.tgdd.vn/Products/Images/42/235838/samsung-galaxy-s22-ultra-11-2.jpg\" title=\"Galaxy S22 Ultra 5G - Mặt lưng\" /></a></span></span></p>\r\n\r\n<p>&nbsp;</p>\r\n\r\n<p><span style=\"font-size:18px\"><span style=\"font-family:times new roman,times,serif\">C&oacute; thể n&oacute;i Galaxy S22 Ultra 5G ch&iacute;nh l&agrave; chiếc m&aacute;y đầu ti&ecirc;n được t&iacute;ch hợp b&uacute;t S Pen ho&agrave;n hảo trong một th&acirc;n m&aacute;y của d&ograve;ng Galaxy S. Giờ đ&acirc;y, bạn c&oacute; thể dễ d&agrave;ng ph&aacute;c thảo, ghi ch&uacute; lại những &yacute; tưởng v&ocirc; c&ugrave;ng nhanh ch&oacute;ng với độ trễ đ&atilde; được cải thiện cho cảm gi&aacute;c viết vẽ v&ocirc; c&ugrave;ng ch&acirc;n thật.</span></span></p>\r\n\r\n<p>&nbsp;</p>\r\n\r\n<p><span style=\"font-size:18px\"><span style=\"font-family:times new roman,times,serif\"><a href=\"https://www.thegioididong.com/images/42/235838/samsung-galaxy-s22-ultra-7-2.jpg\" onclick=\"return false;\"><img alt=\"Galaxy S22 Ultra 5G - Thao tác viết bằng bút S Pen\" src=\"https://cdn.tgdd.vn/Products/Images/42/235838/samsung-galaxy-s22-ultra-7-2.jpg\" title=\"Galaxy S22 Ultra 5G - Thao tác viết bằng bút S Pen\" /></a></span></span></p>\r\n\r\n<p>&nbsp;</p>\r\n\r\n<h3><span style=\"font-size:18px\"><span style=\"font-family:times new roman,times,serif\">Cấu h&igrave;nh mạnh mẽ với Snapdragon 8 Gen 1</span></span></h3>\r\n\r\n<p><span style=\"font-size:18px\"><span style=\"font-family:times new roman,times,serif\">Hiệu năng tr&ecirc;n Galaxy S22 Ultra 5G l&agrave; điều khỏi b&agrave;n c&atilde;i khi m&aacute;y sử dụng chip Snapdragon 8 Gen 1 v&ocirc; c&ugrave;ng mạnh mẽ với tiến tr&igrave;nh sản xuất 4 nm. Khi m&aacute;y chơi game cũng chỉ ấm l&ecirc;n một ch&uacute;t ở vị tr&iacute; cụm camera chứ kh&ocirc;ng ho&agrave;n to&agrave;n qu&aacute; n&oacute;ng như những sản phẩm kh&aacute;c khi d&ugrave;ng c&ugrave;ng con chip n&agrave;y.</span></span></p>\r\n\r\n<p><span style=\"font-size:18px\"><span style=\"font-family:times new roman,times,serif\">M&aacute;y dễ d&agrave;ng vượt qua được c&aacute;c tựa game Li&ecirc;n Qu&acirc;n, PUBG Mobile, c&agrave;i đặt cấu h&igrave;nh tối đa th&igrave; biểu đồ FPS tr&ecirc;n Galaxy S22 Ultra 5G vẫn kh&aacute; ổn định, kh&ocirc;ng bị drop qu&aacute; nhiều. Kể cả tựa game Genshin Impact ở mức đồ họa mặc định th&igrave; m&aacute;y chơi vẫn mượt m&agrave;, đồ họa hiển thị đẹp mắt.</span></span></p>\r\n\r\n<p>&nbsp;</p>\r\n\r\n<p><span style=\"font-size:18px\"><span style=\"font-family:times new roman,times,serif\"><a href=\"https://www.thegioididong.com/images/42/235838/samsung-galaxy-s22-ultra-1-2.jpg\" onclick=\"return false;\"><img alt=\"Galaxy S22 Ultra 5G - Trải nghiệm chơi game\" src=\"https://cdn.tgdd.vn/Products/Images/42/235838/samsung-galaxy-s22-ultra-1-2.jpg\" title=\"Galaxy S22 Ultra 5G - Trải nghiệm chơi game\" /></a></span></span></p>\r\n\r\n<p>&nbsp;</p>\r\n\r\n<p><span style=\"font-size:18px\"><span style=\"font-family:times new roman,times,serif\">C&ograve;n n&oacute;i về c&aacute;c t&aacute;c vụ cơ bản như lướt web, đọc b&aacute;o, xem YouTube,... th&igrave; m&aacute;y ho&agrave;n th&agrave;nh một c&aacute;ch dễ d&agrave;ng, sử dụng mượt m&agrave;, khả năng đa nhiệm thoải m&aacute;i với&nbsp;<a href=\"https://www.thegioididong.com/dtdd-ram-8gb\" target=\"_blank\" title=\"Tham khảo điện thoại có RAM 8 GB kinh doanh tại Thegioididong.com\">RAM 8 GB</a>.</span></span></p>\r\n\r\n<p>&nbsp;</p>\r\n\r\n<p><span style=\"font-size:18px\"><span style=\"font-family:times new roman,times,serif\"><a href=\"https://www.thegioididong.com/images/42/235838/samsung-galaxy-s22-ultra-3-2.jpg\" onclick=\"return false;\"><img alt=\"Galaxy S22 Ultra 5G - Trải nghiệm lướt web\" src=\"https://cdn.tgdd.vn/Products/Images/42/235838/samsung-galaxy-s22-ultra-3-2.jpg\" title=\"Galaxy S22 Ultra 5G - Trải nghiệm lướt web\" /></a></span></span></p>\r\n\r\n<p>&nbsp;</p>\r\n\r\n<h3><strong><span style=\"font-size:18px\"><span style=\"font-family:times new roman,times,serif\">Mang đến những bức ảnh đầy chất lượng</span></span></strong></h3>\r\n\r\n<p><span style=\"font-size:18px\"><span style=\"font-family:times new roman,times,serif\">M&aacute;y trang bị 4 camera với camera ch&iacute;nh l&ecirc;n đến 108 MP,&nbsp;<a href=\"https://www.thegioididong.com/dtdd-camera-goc-rong\" target=\"_blank\" title=\"Tham khảo điện thoại có camera góc rộng tại Thegioididong.com\">camera g&oacute;c si&ecirc;u rộng</a>&nbsp;12 MP, 2&nbsp;<a href=\"https://www.thegioididong.com/dtdd-camera-zoom\" target=\"_blank\" title=\"Tham khảo điện thoại có camera tele kinh doanh tại Thegioididong.com\">camera tele</a>&nbsp;10 MP hỗ trợ thu ph&oacute;ng quang học 10x. Nổi bật nhất l&agrave; camera ch&iacute;nh với khả năng chụp đ&ecirc;m v&ocirc; c&ugrave;ng ấn tượng như c&acirc;u m&agrave; h&atilde;ng đ&atilde; đưa ra &quot;Nightography Camera - Mắt thần b&oacute;ng đ&ecirc;m&quot;. Sở hữu cảm biến điểm ảnh lớn n&ecirc;n thu được nhiều &aacute;nh s&aacute;ng hơn, khi chụp đ&ecirc;m những bức ảnh cực kỳ s&aacute;ng, hiện tượng nhiễu hạt được cải thiện đ&aacute;ng kể.</span></span></p>\r\n\r\n<p>&nbsp;</p>\r\n\r\n<p><span style=\"font-size:18px\"><span style=\"font-family:times new roman,times,serif\"><a href=\"https://www.thegioididong.com/images/42/235838/samsung-galaxy-s22-ultra-8-2.jpg\" onclick=\"return false;\"><img alt=\"Galaxy S22 Ultra 5G - Ảnh chụp trên camera\" src=\"https://cdn.tgdd.vn/Products/Images/42/235838/samsung-galaxy-s22-ultra-8-2.jpg\" title=\"Galaxy S22 Ultra 5G - Ảnh chụp trên camera\" /></a></span></span></p>\r\n\r\n<p>&nbsp;</p>\r\n\r\n<p><span style=\"font-size:18px\"><span style=\"font-family:times new roman,times,serif\">Chế độ zoom 100x hoạt động kh&aacute; l&agrave; ổn định, khả năng zoom xa v&agrave; bắt n&eacute;t ảnh nhanh. Tất nhi&ecirc;n khi bạn zoom tới 100x th&igrave; ảnh kh&aacute; mờ, khoảng c&aacute;ch zoom để cho ra chất lượng ảnh tốt l&agrave; khoảng 30-40x.</span></span></p>\r\n\r\n<p>&nbsp;</p>\r\n\r\n<p><span style=\"font-size:18px\"><span style=\"font-family:times new roman,times,serif\"><a href=\"https://www.thegioididong.com/images/42/235838/samsung-galaxy-s22-ultra-6-2.jpg\" onclick=\"return false;\"><img alt=\"Galaxy S22 Ultra 5G - Chế độ zoom 30x trên máy\" src=\"https://cdn.tgdd.vn/Products/Images/42/235838/samsung-galaxy-s22-ultra-6-2.jpg\" title=\"Galaxy S22 Ultra 5G - Chế độ zoom 30x trên máy\" /></a></span></span></p>\r\n\r\n<p>&nbsp;</p>\r\n\r\n<p><span style=\"font-size:18px\"><span style=\"font-family:times new roman,times,serif\">Chế độ chụp ch&acirc;n dung cũng đ&atilde; được h&atilde;ng cải thiện kh&aacute; nhiều so với thế hệ trước.&nbsp;Ảnh chụp x&oacute;a ph&ocirc;ng s&acirc;u, &iacute;t bị lẹm kể cả phần kh&oacute; như t&oacute;c, độ chi tiết cao, ảnh tươi s&aacute;ng v&agrave; m&agrave;u sắc kh&aacute; ch&acirc;n thật. Bạn muốn chụp ảnh phong cảnh, khu phố hay đơn giản l&agrave; chụp nh&oacute;m th&igrave; tr&ecirc;n Galaxy S22 Ultra 5G ho&agrave;n to&agrave;n l&agrave;m được với camera g&oacute;c si&ecirc;u rộng.</span></span></p>\r\n\r\n<p>&nbsp;</p>\r\n\r\n<p><span style=\"font-size:18px\"><span style=\"font-family:times new roman,times,serif\"><a href=\"https://www.thegioididong.com/images/42/235838/samsung-galaxy-s22-ultra-9-2.jpg\" onclick=\"return false;\"><img alt=\"Galaxy S22 Ultra 5G - Ảnh chụp trên camera\" src=\"https://cdn.tgdd.vn/Products/Images/42/235838/samsung-galaxy-s22-ultra-9-2.jpg\" title=\"Galaxy S22 Ultra 5G - Ảnh chụp trên camera\" /></a></span></span></p>\r\n\r\n<p>&nbsp;</p>\r\n\r\n<p><span style=\"font-size:18px\"><span style=\"font-family:times new roman,times,serif\">Galaxy S22 Ultra 5G hỗ trợ quay video 8K tuy nhi&ecirc;n kh&ocirc;ng đi k&egrave;m chống rung, nếu như bật chế độ Si&ecirc;u ổn định l&ecirc;n th&igrave; độ ph&acirc;n giải sẽ bị giới hạn xuống Full HD 60 FPS. Bao nhi&ecirc;u đ&oacute; cũng kh&aacute; đủ rồi, khung h&igrave;nh ổn định, &iacute;t bị giật, độ chi tiết cao v&agrave; m&agrave;u sắc cũng kh&aacute; ch&acirc;n thật để ch&uacute;ng ta dễ d&agrave;ng chỉnh sửa.</span></span></p>\r\n\r\n<p><span style=\"font-size:18px\"><span style=\"font-family:times new roman,times,serif\">Camera trước l&ecirc;n đến 40 MP cho n&ecirc;n h&igrave;nh sống ảo của ch&uacute;ng ta sẽ ch&acirc;n thật hơn bao giờ hết, da vẫn được l&agrave;m mịn nhẹ nhưng c&aacute;c chi tiết tr&ecirc;n da đều sẽ được t&aacute;i tạo rất r&otilde; n&eacute;t. M&agrave;u sắc kh&aacute; rực rỡ n&ecirc;n kh&ocirc;ng cần &aacute;p dụng th&ecirc;m bộ lọc m&agrave;u nữa.</span></span></p>\r\n\r\n<h3><strong><span style=\"font-size:18px\"><span style=\"font-family:times new roman,times,serif\">Trải nghiệm xem nh&igrave;n ho&agrave;n hảo</span></span></strong></h3>\r\n\r\n<p><span style=\"font-size:18px\"><span style=\"font-family:times new roman,times,serif\">Galaxy S22 Ultra 5G&nbsp;trang bị một m&agrave;n h&igrave;nh kh&aacute; xuất sắc với độ phần 2K+, rộng 6.8 inch c&ugrave;ng với đ&oacute; l&agrave; tấm nền&nbsp;<a href=\"https://www.thegioididong.com/hoi-dap/tim-hieu-man-hinh-dynamic-amoled-2x-tren-smartphone-1245213\" target=\"_blank\" title=\"Tìm hiểu màn hình Dynamic AMOLED 2X tại Thegioididong.com\">Dynamic AMOLED 2X</a>&nbsp;đem đến một m&agrave;u sắc hiển thị rực rỡ, m&agrave;u đen s&acirc;u cho cảm gi&aacute;c xem nh&igrave;n ch&acirc;n thật. Hỗ trợ tần số qu&eacute;t 120 Hz n&ecirc;n khả năng vuốt chạm mượt m&agrave;, nhanh ch&oacute;ng. M&agrave;n h&igrave;nh c&oacute; độ s&aacute;ng cao 1750 nits n&ecirc;n việc khi d&ugrave;ng ngo&agrave;i trời chất lượng hiển thị vẫn rất r&otilde; r&agrave;ng.</span></span></p>\r\n\r\n<p>&nbsp;</p>\r\n\r\n<p><span style=\"font-size:18px\"><span style=\"font-family:times new roman,times,serif\"><a href=\"https://www.thegioididong.com/images/42/235838/samsung-galaxy-s22-ultra-5-2.jpg\" onclick=\"return false;\"><img alt=\"Galaxy S22 Ultra 5G - Màn hình cong tràn sang 2 cạnh\" src=\"https://cdn.tgdd.vn/Products/Images/42/235838/samsung-galaxy-s22-ultra-5-2.jpg\" title=\"Galaxy S22 Ultra 5G - Màn hình cong tràn sang 2 cạnh\" /></a></span></span></p>\r\n\r\n<p>&nbsp;</p>\r\n\r\n<p><span style=\"font-size:18px\"><span style=\"font-family:times new roman,times,serif\">Mặt k&iacute;nh cong tr&agrave;n sang 2 cạnh kh&aacute; sang trọng v&agrave; cũng l&agrave; đặc trưng của d&ograve;ng Note, được trang bị k&iacute;nh cường lực Corning Gorilla Glass Victus+ gia tăng khả năng chống trầy xước rất tốt, cho bạn y&ecirc;n t&acirc;m hơn khi sử dụng m&aacute;y.</span></span></p>\r\n\r\n<h3><span style=\"font-size:18px\"><span style=\"font-family:times new roman,times,serif\">Thời lượng sử dụng cả ng&agrave;y với vi&ecirc;n pin 5000 mAh</span></span></h3>\r\n\r\n<p><span style=\"font-size:18px\"><span style=\"font-family:times new roman,times,serif\">Vi&ecirc;n pin tr&ecirc;n Galaxy S22 Ultra 5G được hỗ trợ l&agrave; 5000 mAh tương tự như&nbsp;<a href=\"https://www.thegioididong.com/dtdd/samsung-galaxy-s21-ultra\" target=\"_blank\" title=\"Tham khảo điện thoại Samsung Galaxy S21 Ultra tại Thegioididong.com\">Galaxy S21 Ultra 5G</a>&nbsp;nhưng c&ocirc;ng suất sạc th&igrave; đ&atilde; được n&acirc;ng l&ecirc;n th&agrave;nh 45 W thay v&igrave; 25 W. Khả năng&nbsp;<a href=\"https://www.thegioididong.com/dtdd-sac-pin-nhanh\" target=\"_blank\" title=\"Tham khảo điện thoại có sạc nhanh kinh doanh tại Thegioididong.com\">sạc nhanh</a>&nbsp;ấn tượng với 30 ph&uacute;t được hơn 50% dung lượng v&agrave; mất khoảng 1 giờ 10 ph&uacute;t l&agrave; đầy.</span></span></p>\r\n\r\n<p>&nbsp;</p>\r\n\r\n<p><span style=\"font-size:18px\"><span style=\"font-family:times new roman,times,serif\"><a href=\"https://www.thegioididong.com/images/42/235838/samsung-galaxy-s22-ultra-12-2.jpg\" onclick=\"return false;\"><img alt=\"Galaxy S22 Ultra 5G - Thời gian sạc\" src=\"https://cdn.tgdd.vn/Products/Images/42/235838/samsung-galaxy-s22-ultra-12-2.jpg\" title=\"Galaxy S22 Ultra 5G - Thời gian sạc\" /></a></span></span></p>\r\n\r\n<p>&nbsp;</p>\r\n\r\n<p><span style=\"font-size:18px\"><span style=\"font-family:times new roman,times,serif\">V&igrave; thế với dung lượng pin cao c&ugrave;ng khả năng sạc nhanh, th&igrave; Galaxy S22 Ultra 5G ho&agrave;n to&agrave;n c&oacute; thể c&ugrave;ng bạn chinh phục c&aacute;c tựa game, những bộ phim y&ecirc;u th&iacute;ch hoặc đ&aacute;p ứng tốt nhu cầu l&agrave;m việc cả một ng&agrave;y d&agrave;i.</span></span></p>\r\n\r\n<h3><span style=\"font-size:18px\"><span style=\"font-family:times new roman,times,serif\">Chuyển đổi dữ liệu nhanh ch&oacute;ng v&agrave; tiện lợi</span></span></h3>\r\n\r\n<p><span style=\"font-size:18px\"><span style=\"font-family:times new roman,times,serif\">Ngo&agrave;i ra, để trải nghiệm sử dụng của kh&aacute;ch h&agrave;ng được liền mạch hơn, Samsung c&oacute; cung cấp một c&aacute;ch chuyển đổi dữ liệu an to&agrave;n, bảo mật với t&iacute;nh năng&nbsp;<strong>Smart Witch.&nbsp;</strong>Hỗ trợ người d&ugrave;ng truyền dữ liệu như ảnh, video, danh bạ, sự kiện lịch, ghi ch&uacute;,... từ nhiều thiết bị&nbsp;<strong>kể cả kh&aacute;c hệ điều h&agrave;nh</strong>&nbsp;đến Samsung Galaxy S22 Ultra.</span></span></p>\r\n\r\n<p><span style=\"font-size:18px\"><span style=\"font-family:times new roman,times,serif\">T&oacute;m lại, với những ưu điểm như thiết kế sang trọng, camera chụp đ&ecirc;m ấn tượng, hiệu năng vượt trội th&igrave; Galaxy S22 Ultra 5G ho&agrave;n to&agrave;n xứng đ&aacute;ng để bạn bỏ tiền ra sở hữu em n&oacute; để phục vụ nhiều cầu sử dụng của bản th&acirc;n.</span></span></p>\r\n', 'Samsung, smartphone, n3store', 30990000, 1, 4, 1, '2022-05-06 08:19:59', '2022-05-10 06:24:02'),
(96, 'Điện thoại Samsung Galaxy Z Fold3 5G 512GB', 'dien-thoai-samsung-galaxy-z-fold3-5g-512gb', 'Màn hình:  Dynamic AMOLED 2XChính 7.6', 'Mã giảm 20% tối đa 100.000đ', 'FREEship đơn hàng từ 300.000đ', 'Ốp lưng giảm 40% khi mua kèm điện thoại Z Flip3/ Z Fold3', 'Bộ sản phẩm gồm: Hộp, Sách hướng dẫn, Bút cảm ứng, Cây lấy sim, Cáp Type C', '1652189074_samsung-galaxy-z-fold-avt-removebg.png', '<h3><strong><span style=\"font-size:18px\"><span style=\"font-family:times new roman,times,serif\"><a href=\"https://www.thegioididong.com/dtdd/samsung-galaxy-z-fold-3-512gb\" target=\"_blank\" title=\"Tham khảo giá điện thoại Samsung Galaxy Z Fold3 5G 512GB chính hãng\">Galaxy Z Fold3 5G</a>&nbsp;đ&aacute;nh dấu bước tiến mới của&nbsp;<a href=\"https://thegioididong.com/samsung\" target=\"_blank\" title=\"Tham khảo sản phẩm Samsung chính hãng tại Thegioididong.com\">Samsung</a>&nbsp;trong ph&acirc;n kh&uacute;c&nbsp;<a href=\"https://www.thegioididong.com/dtdd\" target=\"_blank\" title=\"Tham khảo giá điện thoại smartphone chính hãng\">điện thoại</a>&nbsp;gập cao cấp khi được cải tiến về độ bền c&ugrave;ng những n&acirc;ng cấp đ&aacute;ng gi&aacute; về cấu h&igrave;nh hiệu năng, hứa hẹn sẽ mang đến trải nghiệm sử dụng đột ph&aacute; cho người d&ugrave;ng.</span></span></strong></h3>\r\n', '<h3><strong><span style=\"font-size:18px\"><span style=\"font-family:times new roman,times,serif\">Đột ph&aacute; thiết kế m&agrave;n h&igrave;nh gập</span></span></strong></h3>\r\n\r\n<p><span style=\"font-size:18px\"><span style=\"font-family:times new roman,times,serif\">Đầu ti&ecirc;n, khung viền Galaxy Z Fold3 được ho&agrave;n thiện bằng chất liệu Armor Aluminum cao cấp nhất từ trước đến giờ nhằm tăng cường được độ bền, m&agrave; vẫn đảm bảo được trọng lượng c&acirc;n đối đem tới cảm gi&aacute;c v&ocirc; c&ugrave;ng chắc chắn v&agrave; cao cấp.&nbsp;</span></span></p>\r\n\r\n<p>&nbsp;</p>\r\n\r\n<p><span style=\"font-size:18px\"><span style=\"font-family:times new roman,times,serif\"><a href=\"https://www.thegioididong.com/images/42/248284/samsung-galaxy-z-fold3-5g-512gb-23.jpg\" onclick=\"return false;\"><img alt=\"Samsung Galaxy Z Fold3 5G | Thiết kế khung viền cao cấp\" src=\"https://cdn.tgdd.vn/Products/Images/42/248284/samsung-galaxy-z-fold3-5g-512gb-23.jpg\" title=\"Samsung Galaxy Z Fold3 5G | Thiết kế khung viền cao cấp\" /></a></span></span></p>\r\n\r\n<p>&nbsp;</p>\r\n\r\n<p><span style=\"font-size:18px\"><span style=\"font-family:times new roman,times,serif\">Nhờ đ&oacute;, tổng thể m&aacute;y cũng đ&atilde; mỏng nhẹ hơn khi trọng lượng giảm xuống c&ograve;n 271 g, độ d&agrave;y phần bản lề khi gập lại c&ograve;n 16 mm cho cảm gi&aacute;c cầm nắm, sử dụng điện thoại Z Fold3 giờ đ&acirc;y đ&atilde; thoải m&aacute;i v&agrave; dễ chịu hơn rất nhiều.</span></span></p>\r\n\r\n<p>&nbsp;</p>\r\n\r\n<p><span style=\"font-size:18px\"><span style=\"font-family:times new roman,times,serif\"><a href=\"https://www.thegioididong.com/images/42/248284/samsung-galaxy-z-fold3-5g-512gb-2.jpg\" onclick=\"return false;\"><img alt=\"Samsung Galaxy Z Fold3 5G | Trọng lượng giảm so với tiền nhiệm\" src=\"https://cdn.tgdd.vn/Products/Images/42/248284/samsung-galaxy-z-fold3-5g-512gb-2.jpg\" title=\"Samsung Galaxy Z Fold3 5G | Trọng lượng giảm so với tiền nhiệm\" /></a></span></span></p>\r\n\r\n<p>&nbsp;</p>\r\n\r\n<p><span style=\"font-size:18px\"><span style=\"font-family:times new roman,times,serif\">Khi kh&ocirc;ng d&ugrave;ng c&oacute; thể gấp gọn như một cuốn sổ ghi ch&uacute; nhỏ dễ d&agrave;ng bỏ t&uacute;i mang theo b&ecirc;n m&igrave;nh mọi l&uacute;c mọi nơi.</span></span></p>\r\n\r\n<p>&nbsp;</p>\r\n\r\n<p><span style=\"font-size:18px\"><span style=\"font-family:times new roman,times,serif\"><a href=\"https://www.thegioididong.com/images/42/248284/samsung-galaxy-z-fold3-5g-512gb-060921-102514.jpg\" onclick=\"return false;\"><img alt=\"Samsung Galaxy Z Fold3 5G | Trạng thái khi gập\" src=\"https://cdn.tgdd.vn/Products/Images/42/248284/samsung-galaxy-z-fold3-5g-512gb-060921-102514.jpg\" title=\"Samsung Galaxy Z Fold3 5G | Trạng thái khi gập\" /></a></span></span></p>\r\n\r\n<p>&nbsp;</p>\r\n\r\n<p><span style=\"font-size:18px\"><span style=\"font-family:times new roman,times,serif\">Đồng thời, Samsung c&ograve;n tăng cường&nbsp;khả năng kh&aacute;ng nước tr&ecirc;n Galaxy Fold3 chuẩn IPX8 khả dụng ở độ s&acirc;u 1.5 m&eacute;t tối đa trong 30 ph&uacute;t, người d&ugrave;ng c&oacute; thể an t&acirc;m sử dụng tại hồ bơi, thậm ch&iacute; l&agrave; dưới trời mưa.</span></span></p>\r\n\r\n<p>&nbsp;</p>\r\n\r\n<p><span style=\"font-size:18px\"><span style=\"font-family:times new roman,times,serif\"><a href=\"https://www.thegioididong.com/images/42/248284/samsung-galaxy-z-fold3-5g-512gb-21.jpg\" onclick=\"return false;\"><img alt=\"Samsung Galaxy Z Fold3 5G | Khả năng kháng nước chuẩn IPX8\" src=\"https://cdn.tgdd.vn/Products/Images/42/248284/samsung-galaxy-z-fold3-5g-512gb-21.jpg\" title=\"Samsung Galaxy Z Fold3 5G | Khả năng kháng nước chuẩn IPX8\" /></a></span></span></p>\r\n\r\n<p>&nbsp;</p>\r\n\r\n<p><span style=\"font-size:18px\"><span style=\"font-family:times new roman,times,serif\">Ngo&agrave;i ra, với&nbsp;<a href=\"https://www.thegioididong.com/dtdd-bao-mat-van-tay\" target=\"_blank\" title=\"Tham khảo giá điện thoại smartphone có bảo mật cảm biến vân tay\">cảm biến v&acirc;n tay</a>&nbsp;ở cạnh b&ecirc;n, người d&ugrave;ng c&oacute; thể nhanh ch&oacute;ng mở kh&oacute;a v&agrave; sử dụng chỉ bằng thao t&aacute;c chạm nhẹ.</span></span></p>\r\n\r\n<p>&nbsp;</p>\r\n\r\n<p><span style=\"font-size:18px\"><span style=\"font-family:times new roman,times,serif\"><a href=\"https://www.thegioididong.com/images/42/248284/samsung-galaxy-z-fold3-5g-512gb-060921-102533.jpg\" onclick=\"return false;\"><img alt=\"Samsung Galaxy Z Fold3 5G | Cảm biến vân tay ở cạnh viền\" src=\"https://cdn.tgdd.vn/Products/Images/42/248284/samsung-galaxy-z-fold3-5g-512gb-060921-102533.jpg\" title=\"Samsung Galaxy Z Fold3 5G | Cảm biến vân tay ở cạnh viền\" /></a></span></span></p>\r\n\r\n<p>&nbsp;</p>\r\n\r\n<p><span style=\"font-size:18px\"><span style=\"font-family:times new roman,times,serif\">Hệ thống loa k&eacute;p stereo k&iacute;ch thước lớn ở 2 cạnh tr&ecirc;n dưới t&iacute;ch hợp c&ocirc;ng nghệ Dolby Atmos cho trải nghiệm chơi game, xem phim đ&atilde; tai với &acirc;m lượng lớn, r&otilde; r&agrave;ng v&agrave; sống động.</span></span></p>\r\n\r\n<p>&nbsp;</p>\r\n\r\n<p><span style=\"font-size:18px\"><span style=\"font-family:times new roman,times,serif\"><a href=\"https://www.thegioididong.com/images/42/248284/samsung-galaxy-z-fold3-5g-512gb-060921-102545.jpg\" onclick=\"return false;\"><img alt=\"Samsung Galaxy Z Fold3 5G | Hệ thống loa kép, giải trí ấn tượng\" src=\"https://cdn.tgdd.vn/Products/Images/42/248284/samsung-galaxy-z-fold3-5g-512gb-060921-102545.jpg\" title=\"Samsung Galaxy Z Fold3 5G | Hệ thống loa kép, giải trí ấn tượng\" /></a></span></span></p>\r\n\r\n<p>&nbsp;</p>\r\n\r\n<h3><strong><span style=\"font-size:18px\"><span style=\"font-family:times new roman,times,serif\">Cụm camera đỉnh cao c&ocirc;ng nghệ</span></span></strong></h3>\r\n\r\n<p><span style=\"font-size:18px\"><span style=\"font-family:times new roman,times,serif\">Kế đ&oacute;, cụm camera tr&ecirc;n Galaxy Z Fold3 bao gồm 3 ống k&iacute;nh: Camera g&oacute;c rộng,&nbsp;<a href=\"https://www.thegioididong.com/dtdd-camera-goc-rong\" target=\"_blank\" title=\"Tham khảo giá điện thoại smartphone camera chụp hình góc rộng\">camera g&oacute;c si&ecirc;u rộng</a>,&nbsp;<a href=\"https://www.thegioididong.com/dtdd-camera-zoom\" target=\"_blank\" title=\"Tham khảo điện thoại có camera tele kinh doanh tại Thegioididong.com\">camera tele</a>&nbsp;t&iacute;ch hợp chống rung OIS v&agrave; đều sở hữu độ ph&acirc;n giải 12 MP đặt trong cụm m&ocirc;-đun h&igrave;nh chữ nhật được bo tr&ograve;n 2 đầu tr&ocirc;ng rất thon gọn v&agrave; đầy tinh tế.</span></span></p>\r\n\r\n<p>&nbsp;</p>\r\n\r\n<p><span style=\"font-size:18px\"><span style=\"font-family:times new roman,times,serif\"><a href=\"https://www.thegioididong.com/images/42/248284/samsung-galaxy-z-fold3-5g-512gb-060921-102526.jpg\" onclick=\"return false;\"><img alt=\"Samsung Galaxy Z Fold3 5G | Cụm camera đỉnh cao công nghệ\" src=\"https://cdn.tgdd.vn/Products/Images/42/248284/samsung-galaxy-z-fold3-5g-512gb-060921-102526.jpg\" title=\"Samsung Galaxy Z Fold3 5G | Cụm camera đỉnh cao công nghệ\" /></a></span></span></p>\r\n\r\n<p>&nbsp;</p>\r\n\r\n<p><span style=\"font-size:18px\"><span style=\"font-family:times new roman,times,serif\">Chất lượng h&igrave;nh ảnh theo đ&aacute;nh gi&aacute; nhanh l&agrave; kh&aacute; ổn, m&agrave;u sắc tươi tắn, đặc biệt khả năng xử l&yacute;&nbsp;<a href=\"https://www.thegioididong.com/dtdd-camera-xoa-phong\" target=\"_blank\" title=\"Tham khảo giá điện thoại smartphone camera chụp hình xoá phông\">x&oacute;a ph&ocirc;ng</a>&nbsp;cũng đ&atilde; cải thiện đ&aacute;ng kể, &iacute;t t&igrave;nh trạng bị lem như trước đ&acirc;y.</span></span></p>\r\n\r\n<p>&nbsp;</p>\r\n\r\n<p><span style=\"font-size:18px\"><span style=\"font-family:times new roman,times,serif\"><a href=\"https://www.thegioididong.com/images/42/248284/samsung-galaxy-z-fold3-5g-512gb-3.jpg\" onclick=\"return false;\"><img alt=\"Samsung Galaxy Z Fold3 5G | Giao diện camera\" src=\"https://cdn.tgdd.vn/Products/Images/42/248284/samsung-galaxy-z-fold3-5g-512gb-3.jpg\" title=\"Samsung Galaxy Z Fold3 5G | Giao diện camera\" /></a></span></span></p>\r\n\r\n<p>&nbsp;</p>\r\n\r\n<p><span style=\"font-size:18px\"><span style=\"font-family:times new roman,times,serif\">Ngo&agrave;i ra, m&aacute;y c&ograve;n sở hữu camera trước ở m&agrave;n h&igrave;nh ngo&agrave;i c&oacute; độ ph&acirc;n giải 10 MP v&agrave; camera trước ở m&agrave;n h&igrave;nh trong sẽ được đặt ẩn dưới m&agrave;n h&igrave;nh c&oacute; độ ph&acirc;n giải 4 MP tất cả đều cho chất lượng ảnh tốt ngo&agrave;i mong đợi.</span></span></p>\r\n\r\n<p>&nbsp;</p>\r\n\r\n<p><span style=\"font-size:18px\"><span style=\"font-family:times new roman,times,serif\"><a href=\"https://www.thegioididong.com/images/42/248284/samsung-galaxy-z-fold3-5g-512gb-15.jpg\" onclick=\"return false;\"><img alt=\"Samsung Galaxy Z Fold3 5G | Khả năng chụp ảnh selfie \" src=\"https://cdn.tgdd.vn/Products/Images/42/248284/samsung-galaxy-z-fold3-5g-512gb-15.jpg\" title=\"Samsung Galaxy Z Fold3 5G | Khả năng chụp ảnh selfie \" /></a></span></span></p>\r\n\r\n<p>&nbsp;</p>\r\n\r\n<p><span style=\"font-size:18px\"><span style=\"font-family:times new roman,times,serif\">Đặc biệt, c&oacute; chế độ Flex Mode khi gập m&agrave;n h&igrave;nh theo nhiều g&oacute;c độ, c&oacute; thể chia ra 2 m&agrave;n h&igrave;nh khi chụp ảnh, cho ph&eacute;p người d&ugrave;ng vừa chụp vừa xem lại c&aacute;c ảnh đ&atilde; chụp, tr&aacute;nh sự tr&ugrave;ng lặp, cũng dễ hơn trong việc tương t&aacute;c với người hay vật mẫu để điều khiển c&aacute;c tư thế tạo d&aacute;ng.</span></span></p>\r\n\r\n<p>&nbsp;</p>\r\n\r\n<p><span style=\"font-size:18px\"><span style=\"font-family:times new roman,times,serif\"><a href=\"https://www.thegioididong.com/images/42/248284/samsung-galaxy-z-fold3-5g-512gb-13.jpg\" onclick=\"return false;\"><img alt=\"Samsung Galaxy Z Fold3 5G | Ảnh chụp trên camera\" src=\"https://cdn.tgdd.vn/Products/Images/42/248284/samsung-galaxy-z-fold3-5g-512gb-13.jpg\" title=\"Samsung Galaxy Z Fold3 5G | Ảnh chụp trên camera\" /></a></span></span></p>\r\n\r\n<p>&nbsp;</p>\r\n\r\n<h3><span style=\"font-size:18px\"><span style=\"font-family:times new roman,times,serif\">N&acirc;ng tầm giải tr&iacute; m&agrave;n h&igrave;nh gập với camera ẩn</span></span></h3>\r\n\r\n<p><span style=\"font-size:18px\"><span style=\"font-family:times new roman,times,serif\">M&agrave;n h&igrave;nh ch&iacute;nh tr&ecirc;n Z Fold3 c&oacute; k&iacute;ch thước 7.6 inches, sử dụng tấm nền Dynamic AMOLED 2X cho độ ph&acirc;n giải 1768 x 2208 Pixels hỗ trợ khả năng hiển thị HDR10+ c&ugrave;ng độ s&aacute;ng cao l&ecirc;n tới 1200 nits cho chất lượng hiển thị sắc n&eacute;t, m&agrave;u sắc sống động ch&acirc;n thực trong mọi điều kiện.</span></span></p>\r\n\r\n<p>&nbsp;</p>\r\n\r\n<p><span style=\"font-size:18px\"><span style=\"font-family:times new roman,times,serif\"><a href=\"https://www.thegioididong.com/images/42/248284/samsung-galaxy-z-fold3-5g-512gb-060921-102520.jpg\" onclick=\"return false;\"><img alt=\"Samsung Galaxy Z Fold3 5G | Nâng tầm giải trí màn hình tràn viền với camera ẩn\" src=\"https://cdn.tgdd.vn/Products/Images/42/248284/samsung-galaxy-z-fold3-5g-512gb-060921-102520.jpg\" title=\"Samsung Galaxy Z Fold3 5G | Nâng tầm giải trí màn hình tràn viền với camera ẩn\" /></a></span></span></p>\r\n\r\n<p>&nbsp;</p>\r\n\r\n<p><span style=\"font-size:18px\"><span style=\"font-family:times new roman,times,serif\">Z Fold3 ch&iacute;nh l&agrave; chiếc&nbsp;<a href=\"https://thegioididong.com/dtdd-samsung\" target=\"_blank\" title=\"Tham khảo giá điện thoại smartphone Samsung chính hãng\">điện thoại Samsung</a>&nbsp;đầu ti&ecirc;n sử dụng c&ocirc;ng nghệ camera selfie ẩn dưới m&agrave;n h&igrave;nh gập, đem tới khả năng hiển thị si&ecirc;u tr&agrave;n viền gần như kh&ocirc;ng c&oacute; khiếm khuyết, những t&aacute;c vụ tr&ecirc;n Samsung Galaxy Z Fold3 đều hiển thị một c&aacute;ch trọn vẹn sắc n&eacute;t, từ v&agrave;o mạng x&atilde; hội, lướt web cho đến xem phim, chơi game.</span></span></p>\r\n\r\n<p>&nbsp;</p>\r\n\r\n<p><span style=\"font-size:18px\"><span style=\"font-family:times new roman,times,serif\"><a href=\"https://www.thegioididong.com/images/42/248284/samsung-galaxy-z-fold3-5g-512gb-25.jpg\" onclick=\"return false;\"><img alt=\"Samsung Galaxy Z Fold3 5G | Màn hình giải trí tràn viền\" src=\"https://cdn.tgdd.vn/Products/Images/42/248284/samsung-galaxy-z-fold3-5g-512gb-25.jpg\" title=\"Samsung Galaxy Z Fold3 5G | Màn hình giải trí tràn viền\" /></a></span></span></p>\r\n\r\n<p>&nbsp;</p>\r\n\r\n<p><span style=\"font-size:18px\"><span style=\"font-family:times new roman,times,serif\">B&ecirc;n cạnh đ&oacute;, m&agrave;n h&igrave;nh ngo&agrave;i tr&ecirc;n Z Fold3 5G c&oacute; k&iacute;ch thước 6.2 inch cũng sử dụng tấm nền Dynamic AMOLED 2X, độ ph&acirc;n giải 832 x 2268 Pixels v&agrave; thiết kế Infinity-O tr&agrave;n viền, được n&acirc;ng cấp l&ecirc;n tần số qu&eacute;t 120 Hz cho khả năng vuốt chạm mượt m&agrave;.</span></span></p>\r\n\r\n<p>&nbsp;</p>\r\n\r\n<p><span style=\"font-size:18px\"><span style=\"font-family:times new roman,times,serif\"><a href=\"https://www.thegioididong.com/images/42/248284/samsung-galaxy-z-fold3-5g-512gb-060921-102508.jpg\" onclick=\"return false;\"><img alt=\"Samsung Galaxy Z Fold3 5G | Màn hình trước cũng hỗ trợ tần số quét 120 Hz\" src=\"https://cdn.tgdd.vn/Products/Images/42/248284/samsung-galaxy-z-fold3-5g-512gb-060921-102508.jpg\" title=\"Samsung Galaxy Z Fold3 5G | Màn hình trước cũng hỗ trợ tần số quét 120 Hz\" /></a></span></span></p>\r\n\r\n<p>&nbsp;</p>\r\n\r\n<p><span style=\"font-size:18px\"><span style=\"font-family:times new roman,times,serif\">Về độ bền, Samsung tự h&agrave;o tuy&ecirc;n bố Z Fold3 m&agrave;n h&igrave;nh gập của m&igrave;nh được tối ưu h&oacute;a với độ bền hơn 80% so với trước đ&acirc;y c&ugrave;ng khả năng hạn chế c&aacute;c vết trầy xước v&agrave; rơi vỡ ấn tượng nhờ được trang bị k&iacute;nh Ultra Thin Glass (UTG).</span></span></p>\r\n\r\n<p>&nbsp;</p>\r\n\r\n<p><span style=\"font-size:18px\"><span style=\"font-family:times new roman,times,serif\"><a href=\"https://www.thegioididong.com/images/42/248284/samsung-galaxy-z-fold3-5g-512gb-10.jpg\" onclick=\"return false;\"><img alt=\"Samsung Galaxy Z Fold3 5G | Màn hình gập trang bị kính Ultra Thin Glass\" src=\"https://cdn.tgdd.vn/Products/Images/42/248284/samsung-galaxy-z-fold3-5g-512gb-10.jpg\" title=\"Samsung Galaxy Z Fold3 5G | Màn hình gập trang bị kính Ultra Thin Glass\" /></a></span></span></p>\r\n\r\n<p>&nbsp;</p>\r\n\r\n<p><span style=\"font-size:18px\"><span style=\"font-family:times new roman,times,serif\">Galaxy Z Fold3 cũng hỗ trợ b&uacute;t S Pen lần đầu được &aacute;p dụng tr&ecirc;n điện thoại m&agrave;n h&igrave;nh gập. Mọi thao ghi ch&uacute;, ph&aacute;c thảo hoặc đ&aacute;nh dấu v&agrave;o t&agrave;i liệu đều được thực hiện một c&aacute;ch dễ d&agrave;ng.</span></span></p>\r\n\r\n<p>&nbsp;</p>\r\n\r\n<p><span style=\"font-size:18px\"><span style=\"font-family:times new roman,times,serif\"><a href=\"https://www.thegioididong.com/images/42/248284/samsung-galaxy-z-fold3-5g-512gb-27.jpg\" onclick=\"return false;\"><img alt=\"Samsung Galaxy Z Fold3 5G | Hỗ trợ bút S Pen thông minh\" src=\"https://cdn.tgdd.vn/Products/Images/42/248284/samsung-galaxy-z-fold3-5g-512gb-27.jpg\" title=\"Samsung Galaxy Z Fold3 5G | Hỗ trợ bút S Pen thông minh\" /></a></span></span></p>\r\n\r\n<p>&nbsp;</p>\r\n\r\n<h3><strong><span style=\"font-size:18px\"><span style=\"font-family:times new roman,times,serif\">Hiệu năng h&agrave;ng đầu với Snapdragon 888</span></span></strong></h3>\r\n\r\n<p><span style=\"font-size:18px\"><span style=\"font-family:times new roman,times,serif\">Galaxy Z Fold3 được cung cấp sức mạnh bởi chip set Snapdragon 888 cho hiệu năng mạnh mẽ v&agrave; khả năng xử l&yacute; mọi t&aacute;c vụ đều trở n&ecirc;n nhanh ch&oacute;ng mượt m&agrave; tr&ecirc;n cả hai m&agrave;n h&igrave;nh.</span></span></p>\r\n\r\n<p>&nbsp;</p>\r\n\r\n<p><span style=\"font-size:18px\"><span style=\"font-family:times new roman,times,serif\"><a href=\"https://www.thegioididong.com/images/42/248284/samsung-galaxy-z-fold3-5g-512gb---8.jpg\" onclick=\"return false;\"><img alt=\"Samsung Galaxy Z Fold3 5G | Hiệu năng mạnh mẽ hàng đầu\" src=\"https://cdn.tgdd.vn/Products/Images/42/248284/samsung-galaxy-z-fold3-5g-512gb---8.jpg\" title=\"Samsung Galaxy Z Fold3 5G | Hiệu năng mạnh mẽ hàng đầu\" /></a></span></span></p>\r\n\r\n<p>&nbsp;</p>\r\n\r\n<p><span style=\"font-size:18px\"><span style=\"font-family:times new roman,times,serif\">Dung lượng&nbsp;<a href=\"https://www.thegioididong.com/dtdd-ram-12gb\" target=\"_blank\" title=\"Tham khảo điện thoại có dung lượng RAM 12 GB đang bán tại TGDĐ\">RAM 12 GB</a>&nbsp;cho khả năng đa nhiệm tuyệt vời nay lại c&ograve;n t&iacute;ch hợp th&ecirc;m t&iacute;nh năng Multi-Active Window, gi&uacute;p người d&ugrave;ng c&oacute; thể chạy v&agrave; tương t&aacute;c song song giữa hai ứng dụng hoặc chạy tối đa 3 ứng dụng c&ugrave;ng l&uacute;c tr&ecirc;n m&agrave;n h&igrave;nh vừa xem phim, vừa nhắn tin hay đọc b&aacute;o.&nbsp;</span></span></p>\r\n\r\n<p>&nbsp;</p>\r\n\r\n<p><span style=\"font-size:18px\"><span style=\"font-family:times new roman,times,serif\"><a href=\"https://www.thegioididong.com/images/42/248284/samsung-galaxy-z-fold3-5g-512gb---4.jpg\" onclick=\"return false;\"><img alt=\"Samsung Galaxy Z Fold3 5G | Khả năng đa nhiệm nhiều ứng dụng cùng lúc\" src=\"https://cdn.tgdd.vn/Products/Images/42/248284/samsung-galaxy-z-fold3-5g-512gb---4.jpg\" title=\"Samsung Galaxy Z Fold3 5G | Khả năng đa nhiệm nhiều ứng dụng cùng lúc\" /></a></span></span></p>\r\n\r\n<p>&nbsp;</p>\r\n\r\n<p><span style=\"font-size:18px\"><span style=\"font-family:times new roman,times,serif\">Đi k&egrave;m với đ&oacute; l&agrave;&nbsp;<a href=\"https://www.thegioididong.com/dtdd-rom-512gb\" target=\"_blank\" title=\"Tham khảo điện thoại có bộ nhớ trong từ 512 GB đang bán tại TGDĐ\">bộ nhớ trong 512 GB</a>&nbsp;cho bạn thoải m&aacute;i lưu trữ dữ liệu để l&agrave;m việc, giải tr&iacute; hay c&agrave;i đặt c&aacute;c ứng dụng nặng m&agrave; kh&ocirc;ng cần lo đến việc đầy bộ nhớ.</span></span></p>\r\n\r\n<p>&nbsp;</p>\r\n\r\n<p><span style=\"font-size:18px\"><span style=\"font-family:times new roman,times,serif\">Điểm hiệu năng đo nhanh bằng AnTuTu đạt hơn 750 ngh&igrave;n điểm, chơi mượt m&agrave; c&aacute;c tựa game nặng k&yacute; như Genshin Impact, Call of Duty Mobile ở thiết lập đồ họa cao.</span></span></p>\r\n\r\n<p>&nbsp;</p>\r\n\r\n<p><span style=\"font-size:18px\"><span style=\"font-family:times new roman,times,serif\">Ngo&agrave;i ra, Galaxy Z Fold3 cũng được cải thiện khả năng tản nhiệt khi chơi game, ho&agrave;n to&agrave;n khắc phục được t&igrave;nh trạng n&oacute;ng m&aacute;y như tr&ecirc;n c&aacute;c d&ograve;ng m&aacute;y sử dụng chip Snapdragon 888 kh&aacute;c.&nbsp;</span></span></p>\r\n\r\n<p>&nbsp;</p>\r\n\r\n<p><span style=\"font-size:18px\"><span style=\"font-family:times new roman,times,serif\"><a href=\"https://www.thegioididong.com/images/42/248284/samsung-galaxy-z-fold3-5g-512gb-8.jpg\" onclick=\"return false;\"><img alt=\"Samsung Galaxy Z Fold3 5G | Khả năng giải trí chơi game mượt mà\" src=\"https://cdn.tgdd.vn/Products/Images/42/248284/samsung-galaxy-z-fold3-5g-512gb-8.jpg\" title=\"Samsung Galaxy Z Fold3 5G | Khả năng giải trí chơi game mượt mà\" /></a></span></span></p>\r\n\r\n<p>&nbsp;</p>\r\n\r\n<p><span style=\"font-size:18px\"><span style=\"font-family:times new roman,times,serif\">Samsung Galaxy Z Fold3 cũng được trang bị chuẩn kết nối internet 5G cho khả năng kết nối internet tốc độ si&ecirc;u cao gi&uacute;p bạn c&oacute; thể truy cập sử dụng mạng internet mọi l&uacute;c mọi nơi.</span></span></p>\r\n\r\n<h3><strong><span style=\"font-size:18px\"><span style=\"font-family:times new roman,times,serif\">Thời lượng pin thoải m&aacute;i sử dụng giải tr&iacute;</span></span></strong></h3>\r\n\r\n<p><span style=\"font-size:18px\"><span style=\"font-family:times new roman,times,serif\">Về pin, Samsung cho biết Z Fold3 sở hữu pin dung lượng 4.400 mAh, thấp hơn một ch&uacute;t so với người tiền nhiệm nhưng nhu cầu sử dụng vẫn đ&aacute;p ứng tốt trong một ng&agrave;y.</span></span></p>\r\n\r\n<p>&nbsp;</p>\r\n\r\n<p><span style=\"font-size:18px\"><span style=\"font-family:times new roman,times,serif\"><a href=\"https://www.thegioididong.com/images/42/248284/samsung-galaxy-z-fold3-5g-512gb-060921-102552.jpg\" onclick=\"return false;\"><img alt=\"Samsung Galaxy Z Fold3 5G | Thời lượng pin sử dụng cả ngày\" src=\"https://cdn.tgdd.vn/Products/Images/42/248284/samsung-galaxy-z-fold3-5g-512gb-060921-102552.jpg\" title=\"Samsung Galaxy Z Fold3 5G | Thời lượng pin sử dụng cả ngày\" /></a></span></span></p>\r\n\r\n<p>&nbsp;</p>\r\n\r\n<p><span style=\"font-size:18px\"><span style=\"font-family:times new roman,times,serif\">B&ecirc;n canh đ&oacute;, điện thoại cũng hỗ trợ&nbsp;<a href=\"https://www.thegioididong.com/dtdd-sac-pin-nhanh\" target=\"_blank\" title=\"Tham khảo giá điện thoại smartphone sạc pin nhanh\">sạc nhanh</a>&nbsp;25 W, sạc kh&ocirc;ng d&acirc;y hay chia sẻ pin kh&ocirc;ng d&acirc;y gi&uacute;p nạp đầy năng lượng cho c&aacute;c thiết bị ngoại vi kh&aacute;c một c&aacute;ch dễ d&agrave;ng v&agrave; nhanh ch&oacute;ng.</span></span></p>\r\n\r\n<p>&nbsp;</p>\r\n\r\n<p><span style=\"font-size:18px\"><span style=\"font-family:times new roman,times,serif\"><a href=\"https://www.thegioididong.com/images/42/248284/samsung-galaxy-z-fold3-5g-512gb-060921-102539.jpg\" onclick=\"return false;\"><img alt=\"Samsung Galaxy Z Fold3 5G | Khả năng sạc nhanh 25 W\" src=\"https://cdn.tgdd.vn/Products/Images/42/248284/samsung-galaxy-z-fold3-5g-512gb-060921-102539.jpg\" title=\"Samsung Galaxy Z Fold3 5G | Khả năng sạc nhanh 25 W\" /></a></span></span></p>\r\n\r\n<p>&nbsp;</p>\r\n\r\n<p><span style=\"font-size:18px\"><span style=\"font-family:times new roman,times,serif\">Nh&igrave;n chung, Galaxy Z Fold 3 mang trong m&igrave;nh một cấu h&igrave;nh &quot;đụng n&oacute;c&quot; trong thế giới&nbsp;<a href=\"https://www.thegioididong.com/dtdd?g=android\" target=\"_blank\" title=\"Tham khảo giá điện thoại smartphone Android chính hãng\">Android</a>&nbsp;hiện nay, kết hợp với m&agrave;n h&igrave;nh 120 Hz v&agrave; b&uacute;t S-Pen thần th&aacute;nh c&oacute; thể n&oacute;i đ&acirc;y sẽ l&agrave; thiết bị c&ocirc;ng nghệ phục vụ cho c&ocirc;ng việc hay giải tr&iacute; rất đ&aacute;ng để sở hữu.</span></span></p>\r\n', 'Samsung, smartphone, n3store', 36990000, 1, 4, 1, '2022-05-06 08:31:22', '2022-05-10 06:24:34');
INSERT INTO `products` (`id`, `name`, `slug`, `intro`, `promo1`, `promo2`, `promo3`, `packet`, `images`, `r_intro`, `review`, `tag`, `price`, `status`, `cat_id`, `user_id`, `created_at`, `updated_at`) VALUES
(97, 'Điện thoại Samsung Galaxy S22 Ultra 5G 512GB ', 'dien-thoai-samsung-galaxy-s22-ultra-5g-512gb', 'Dynamic AMOLED 2X6.8', 'Mã giảm 20% tối đa 100.000đ', 'FREEship đơn hàng từ 300.000đ', 'Ốp lưng giảm 24% khi mua kèm điện thoại Galaxy S22 Ultra', 'Bộ sản phẩm gồm: Hộp, Sách hướng dẫn, Bút cảm ứng, Cây lấy sim, Cáp Type C', '1652189087_Galaxy-S22-Ultra-Black-avt-removebg.png', '<p><strong><span style=\"font-size:18px\"><span style=\"font-family:times new roman,times,serif\"><a href=\"https://www.thegioididong.com/dtdd/samsung-galaxy-s22-ultra-512gb\" target=\"_blank\" title=\"Samsung Galaxy S22 Ultra 5G 512GB\">Samsung Galaxy S22 Ultra 5G 512 GB</a>&nbsp;l&agrave; một &quot;si&ecirc;u phẩm&quot; với b&uacute;t S Pen nhanh hơn được t&iacute;ch hợp sẵn, nhiều cải tiến về camera, m&agrave;n h&igrave;nh s&aacute;ng hơn v&agrave; sạc 45 W nhanh hơn.</span></span></strong></p>\r\n', '<h3><strong><span style=\"font-size:18px\"><span style=\"font-family:times new roman,times,serif\">Những bức ảnh chụp đ&ecirc;m ho&agrave;n hảo với Nightography Camera - Mắt Thần B&oacute;ng Đ&ecirc;m</span></span></strong></h3>\r\n\r\n<p><span style=\"font-size:18px\"><span style=\"font-family:times new roman,times,serif\">Galaxy S22 Ultra trang bị cảm biến điểm ảnh 2.4 um lớn hơn để thu nhiều &aacute;nh s&aacute;ng v&agrave; dữ liệu hơn, c&ugrave;ng ống k&iacute;nh Super Clear Glass để quay video ban đ&ecirc;m m&agrave; kh&ocirc;ng bị l&oacute;a. Ngo&agrave;i ra ch&uacute;ng ta c&ograve;n c&oacute;&nbsp;ống k&iacute;nh si&ecirc;u rộng 12 MP, camera tele 10 MP k&eacute;p kết hợp để cung cấp khả năng thu ph&oacute;ng quang học 10x v&agrave; thu ph&oacute;ng kh&ocirc;ng gian 100x.</span></span></p>\r\n\r\n<p>&nbsp;</p>\r\n\r\n<h3><span style=\"font-size:18px\"><span style=\"font-family:times new roman,times,serif\"><a href=\"https://www.thegioididong.com/images/42/271698/samsung-galaxy-s22-ultra-512gb-030322-112615.jpg\" onclick=\"return false;\"><img alt=\"Galaxy S22 Ultra 5G 512GB - Camera\" src=\"https://cdn.tgdd.vn/Products/Images/42/271698/samsung-galaxy-s22-ultra-512gb-030322-112615.jpg\" title=\"Galaxy S22 Ultra 5G 512GB - Camera\" /></a></span></span></h3>\r\n\r\n<p>&nbsp;</p>\r\n\r\n<p><span style=\"font-size:18px\"><span style=\"font-family:times new roman,times,serif\">M&aacute;y trang bị khả năng chụp ảnh ch&acirc;n dung ban đ&ecirc;m, trong điều kiện thiếu s&aacute;ng ấn tượng với bộ xử l&yacute; h&igrave;nh ảnh AI kết hợp với camera g&oacute;c rộng 108 MP mang lại bức ảnh ban đ&ecirc;m s&aacute;ng r&otilde;. Vậy n&ecirc;n S22 Ultra l&agrave; lựa chọn ho&agrave;n hảo để lưu giữ những khoảnh khắc trong c&aacute;c buổi tiệc tối.&nbsp;Ngay cả khi kh&ocirc;ng chọn chế độ chụp đ&ecirc;m, những tấm ảnh được chụp trong điều kiện &aacute;nh s&aacute;ng yếu cũng đều r&otilde; r&agrave;ng v&agrave; s&aacute;ng hơn, đầy đủ chi tiết v&agrave; kh&ocirc;ng bị nhiễu.</span></span></p>\r\n\r\n<h3>&nbsp;</h3>\r\n\r\n<h3><span style=\"font-size:18px\"><span style=\"font-family:times new roman,times,serif\"><a href=\"https://www.thegioididong.com/images/42/271698/samsung-galaxy-s22-ultra-512gb-030322-112613.jpg\" onclick=\"return false;\"><img alt=\"Galaxy S22 Ultra 5G 512GB - Chụp ảnh\" src=\"https://cdn.tgdd.vn/Products/Images/42/271698/samsung-galaxy-s22-ultra-512gb-030322-112613.jpg\" title=\"Galaxy S22 Ultra 5G 512GB - Chụp ảnh\" /></a></span></span></h3>\r\n\r\n<p>&nbsp;</p>\r\n\r\n<p><span style=\"font-size:18px\"><span style=\"font-family:times new roman,times,serif\">Kh&ocirc;ng chỉ mạnh về phần chụp ảnh, S22 Ultra c&ograve;n mang lại khả năng quay&nbsp;video sắc n&eacute;t l&ecirc;n đến 8K ở tốc độ 24 khung h&igrave;nh/gi&acirc;y,&nbsp;v&agrave; c&oacute; thể giữ cho cảnh quay của bạn tr&ocirc;ng si&ecirc;u ổn định nhờ&nbsp;khả năng chống rung v&agrave; c&ocirc;ng nghệ AI.&nbsp;Giải ph&aacute;p si&ecirc;u chụp đ&ecirc;m nhờ vi xử l&yacute; 4 nm khử nhiễu hiệu quả mang đến trải nghiệm quay phim gi&agrave;u chi tiết từ b&igrave;nh minh tới đ&ecirc;m khuya đầy ấn tượng.</span></span></p>\r\n\r\n<h3><strong><span style=\"font-size:18px\"><span style=\"font-family:times new roman,times,serif\">T&iacute;ch hợp&nbsp;S Pen phản hồi nhanh hơn</span></span></strong></h3>\r\n\r\n<p><span style=\"font-size:18px\"><span style=\"font-family:times new roman,times,serif\">Bằng c&aacute;ch giảm độ trễ xuống 70% (từ 9 ms xuống c&ograve;n khoảng 2.8 ms) v&agrave; kết hợp với c&ocirc;ng nghệ AI để dự đo&aacute;n chuyển động tay n&ecirc;n cảm gi&aacute;c cầm S Pen viết, vẽ tr&ecirc;n Galaxy S22 Ultra mượt m&agrave; như b&uacute;t viết tr&ecirc;n giấy.</span></span></p>\r\n\r\n<h3>&nbsp;</h3>\r\n\r\n<h3><span style=\"font-size:18px\"><span style=\"font-family:times new roman,times,serif\"><a href=\"https://www.thegioididong.com/images/42/271698/samsung-galaxy-s22-ultra-512gb-030322-112606.jpg\" onclick=\"return false;\"><img alt=\"Galaxy S22 Ultra 5G 512GB - S Pen\" src=\"https://cdn.tgdd.vn/Products/Images/42/271698/samsung-galaxy-s22-ultra-512gb-030322-112606.jpg\" title=\"Galaxy S22 Ultra 5G 512GB - S Pen\" /></a></span></span></h3>\r\n\r\n<p>&nbsp;</p>\r\n\r\n<p><span style=\"font-size:18px\"><span style=\"font-family:times new roman,times,serif\">Một số cải tiến đ&aacute;ng ch&uacute; &yacute; kh&aacute;c của S Pen m&agrave; m&igrave;nh đ&atilde; trải nghiệm đ&oacute; l&agrave; chuyển đổi chữ viết tay th&agrave;nh văn bản c&oacute; độ ch&iacute;nh x&aacute;c cao hơn, cũng như khả năng nhanh ch&oacute;ng lưu ghi ch&uacute; trong t&agrave;i liệu v&agrave; email tr&ecirc;n Outlook.</span></span></p>\r\n\r\n<h3><strong><span style=\"font-size:18px\"><span style=\"font-family:times new roman,times,serif\">Thiết kế đậm chất ri&ecirc;ng, dễ d&agrave;ng nổi bật giữa đ&aacute;m đ&ocirc;ng</span></span></strong></h3>\r\n\r\n<p><span style=\"font-size:18px\"><span style=\"font-family:times new roman,times,serif\">Galaxy S22 Ultra nghi&ecirc;ng về phong c&aacute;ch thiết kế đơn giản nhưng đồng thời cũng tuyệt đẹp với c&aacute;c g&oacute;c cạnh sắc nết, vu&ocirc;ng vắn. Đặc biệt l&agrave; cụm camera kh&ocirc;ng viền, rất độc đ&aacute;o v&agrave; kh&aacute;c biệt. Cảm gi&aacute;c cầm nắm S22 Ultra tr&ecirc;n tay rất chắc chắn v&agrave; bền bỉ nhờ m&aacute;y được gia cố bằng khung nh&ocirc;m bọc gi&aacute;p v&agrave; mặt k&iacute;nh cường lực Gorilla Glass Victus +.</span></span></p>\r\n\r\n<p>&nbsp;</p>\r\n\r\n<h3><span style=\"font-size:18px\"><span style=\"font-family:times new roman,times,serif\"><a href=\"https://www.thegioididong.com/images/42/271698/samsung-galaxy-s22-ultra-512gb-030322-112611.jpg\" onclick=\"return false;\"><img alt=\"Galaxy S22 Ultra 5G 512GB - Thiết kế\" src=\"https://cdn.tgdd.vn/Products/Images/42/271698/samsung-galaxy-s22-ultra-512gb-030322-112611.jpg\" title=\"Galaxy S22 Ultra 5G 512GB - Thiết kế\" /></a></span></span></h3>\r\n\r\n<p>&nbsp;</p>\r\n\r\n<p><span style=\"font-size:18px\"><span style=\"font-family:times new roman,times,serif\">M&agrave;n h&igrave;nh c&oacute; độ s&aacute;ng cao nhất l&agrave; 1750 nits c&ugrave;ng với&nbsp;t&iacute;nh năng Vision Booster mới - c&oacute; thể điều chỉnh độ s&aacute;ng của m&agrave;n h&igrave;nh một c&aacute;ch nhanh ch&oacute;ng suốt cả ng&agrave;y gi&uacute;p bạn sử dụng xuy&ecirc;n suốt&nbsp;ngay cả ở ngo&agrave;i trời nắng gắt m&agrave; kh&ocirc;ng phải điều chỉnh nhiều lần.</span></span></p>\r\n\r\n<p><span style=\"font-size:18px\"><span style=\"font-family:times new roman,times,serif\">M&agrave;n h&igrave;nh 6.8 inch được bo cong nhẹ nh&agrave;ng n&ecirc;n tăng th&ecirc;m phần thẩm mỹ m&agrave; kh&ocirc;ng dẫn đến t&igrave;nh trạng cấn m&agrave;n h&igrave;nh. B&ecirc;n cạnh đ&oacute; th&igrave; trải nghiệm về mặt h&igrave;nh ảnh hiển thị tr&ecirc;n S22 Ultra th&igrave; thật sự tuyệt với với độ ph&acirc;n giải 2K tr&ecirc;n tấm nền&nbsp;<a href=\"https://www.thegioididong.com/hoi-dap/tim-hieu-man-hinh-dynamic-amoled-2x-tren-smartphone-1245213\" target=\"_blank\" title=\"Dynamic AMOLED 2X\">Dynamic AMOLED 2X</a>, vuốt chạm cực k&igrave; mượt m&agrave; nhờ tần số qu&eacute;t 120 Hz.</span></span></p>\r\n\r\n<p>&nbsp;</p>\r\n\r\n<h3><span style=\"font-size:18px\"><span style=\"font-family:times new roman,times,serif\"><a href=\"https://www.thegioididong.com/images/42/271698/samsung-galaxy-s22-ultra-512gb-030322-112609.jpg\" onclick=\"return false;\"><img alt=\"Galaxy S22 Ultra 5G 512GB - Màn hình\" src=\"https://cdn.tgdd.vn/Products/Images/42/271698/samsung-galaxy-s22-ultra-512gb-030322-112609.jpg\" title=\"Galaxy S22 Ultra 5G 512GB - Màn hình\" /></a></span></span></h3>\r\n\r\n<p>&nbsp;</p>\r\n\r\n<h3><span style=\"font-size:18px\"><span style=\"font-family:times new roman,times,serif\">Một trong những&nbsp;<a href=\"https://www.thegioididong.com/dtdd\" target=\"_blank\" title=\"Điện thoại chính hãng, giá tốt đang kinh doanh tại Thế Giới Di Động\">điện thoại</a>&nbsp;đầu ti&ecirc;n được trang bị bộ vi xử l&yacute; Snapdragon 8 Gen 1 của Qualcomm</span></span></h3>\r\n\r\n<p><span style=\"font-size:18px\"><span style=\"font-family:times new roman,times,serif\">Phi&ecirc;n bản Galaxy S22 Ultra 5G RAM 8 GB cho cảm gi&aacute;c si&ecirc;u mượt m&agrave; khi mở v&agrave; đ&oacute;ng ứng dụng v&agrave; bộ nhớ trong 512 GB cho bạn thoải m&aacute;i lưu trữ những khung h&igrave;nh, thước phim chất lượng cao.&nbsp;Snapdragon 8 Gen 1 của Qualcomm 4 nm hứa hẹn cho hiệu năng CPU v&agrave; đồ họa tốt hơn đồng thời mang lại hiệu quả tốt hơn.</span></span></p>\r\n\r\n<h3>&nbsp;</h3>\r\n\r\n<h3><span style=\"font-size:18px\"><span style=\"font-family:times new roman,times,serif\"><a href=\"https://www.thegioididong.com/images/42/271698/samsung-galaxy-s22-ultra-512gb-030322-112608.jpg\" onclick=\"return false;\"><img alt=\"Galaxy S22 Ultra 5G 512GB - Chơi game\" src=\"https://cdn.tgdd.vn/Products/Images/42/271698/samsung-galaxy-s22-ultra-512gb-030322-112608.jpg\" title=\"Galaxy S22 Ultra 5G 512GB - Chơi game\" /></a></span></span></h3>\r\n\r\n<p>&nbsp;</p>\r\n\r\n<p><span style=\"font-size:18px\"><span style=\"font-family:times new roman,times,serif\">Galaxy S22 Ultra sử dụng giao diện OneUI 4.1 của&nbsp;<a href=\"https://www.thegioididong.com/dtdd-samsung\" target=\"_blank\" title=\"Smartphone Samsung chính hãng tại Thế Giới Di Động\">Samsung</a>&nbsp;chạy tr&ecirc;n nền tảng Android 12.&nbsp;Giao diện n&agrave;y trực quan v&agrave; hữu &iacute;ch hơn c&aacute;c phi&ecirc;n bản trước, đồng thời c&oacute; bẩng điều khiển quyền ri&ecirc;ng tư mới.</span></span></p>\r\n\r\n<h3><strong><span style=\"font-size:18px\"><span style=\"font-family:times new roman,times,serif\">Pin 5000 mAh c&ugrave;ng sạc 45 W nhanh hơn</span></span></strong></h3>\r\n\r\n<p><span style=\"font-size:18px\"><span style=\"font-family:times new roman,times,serif\">Samsung trang bị cho S22 Ultra c&ocirc;ng nghệ AI cải tiến tối ưu h&oacute;a dung lượng pin 5000 mAh (ti&ecirc;u chuẩn) gi&uacute;p pin th&iacute;ch ứng với th&oacute;i quen sử dụng của người d&ugrave;ng. Kết hợp hỗ trợ sạc nhanh tối đa 45 W để&nbsp;nạp đầy năng lượng trong thời gian ngắn hơn.</span></span></p>\r\n\r\n<p><span style=\"font-size:18px\"><span style=\"font-family:times new roman,times,serif\">Với việc sử dụng đa t&aacute;c vụ thường ng&agrave;y từ chơi game, lướt web, mạng x&atilde; hội, xem phim,... li&ecirc;n tục th&igrave; S22 Ultra c&oacute; thời gian sử dụng l&ecirc;n đến 9 tiếng 18 ph&uacute;t, v&agrave; chỉ mất khoảng 1 tiếng 11 ph&uacute;t để nạp đầy 100% pin.*</span></span></p>\r\n\r\n<p><span style=\"font-size:18px\"><span style=\"font-family:times new roman,times,serif\">Lưu &yacute;: Thời gian sử dụng v&agrave; thời gian sạc&nbsp;c&oacute; thể thay đổi t&ugrave;y theo nhu cầu/t&aacute;c vụ sử dụng.</span></span></p>\r\n\r\n<p>&nbsp;</p>\r\n\r\n<p><span style=\"font-size:18px\"><span style=\"font-family:times new roman,times,serif\"><a href=\"https://www.thegioididong.com/images/42/271698/samsung-galaxy-s22-ultra-512gb-030322-114003.jpg\" onclick=\"return false;\"><img alt=\"Galaxy S22 Ultra 5G 512GB - Thời gian sử dụng pin\" src=\"https://cdn.tgdd.vn/Products/Images/42/271698/samsung-galaxy-s22-ultra-512gb-030322-114003.jpg\" title=\"Galaxy S22 Ultra 5G 512GB - Thời gian sử dụng pin\" /></a></span></span></p>\r\n\r\n<p>&nbsp;</p>\r\n\r\n<p style=\"text-align:center\"><span style=\"font-size:18px\"><span style=\"font-family:times new roman,times,serif\"><em>Bảng test thời gian sử dụng pin của Samsung Galaxy S22 Ultra.</em></span></span></p>\r\n\r\n<p style=\"text-align:center\"><span style=\"font-size:18px\"><span style=\"font-family:times new roman,times,serif\"><a href=\"https://www.thegioididong.com/images/42/271698/samsung-galaxy-s22-ultra-512gb-030322-114001.jpg\" onclick=\"return false;\"><img alt=\"Galaxy S22 Ultra 5G 512GB - Thời gian sạc pin\" src=\"https://cdn.tgdd.vn/Products/Images/42/271698/samsung-galaxy-s22-ultra-512gb-030322-114001.jpg\" title=\"Galaxy S22 Ultra 5G 512GB - Thời gian sạc pin\" /></a></span></span></p>\r\n\r\n<p style=\"text-align:center\">&nbsp;</p>\r\n\r\n<p style=\"text-align:center\"><span style=\"font-size:18px\"><span style=\"font-family:times new roman,times,serif\"><em>Bảng đo thời gian sạc pin của Samsung Galaxy S22 Ultra.</em></span></span></p>\r\n\r\n<p style=\"text-align:center\">&nbsp;</p>\r\n\r\n<p><span style=\"font-size:18px\"><span style=\"font-family:times new roman,times,serif\">C&oacute; thể n&oacute;i Galaxy S22 Ultra như một ph&eacute;p cộng của d&ograve;ng Galaxy Note v&agrave; Galaxy S - kết hợp những g&igrave; tốt nhất trong thiết kế của cả hai. Nếu bạn đ&atilde; l&agrave; fan của Galaxy Note v&agrave; chiếc S Pen th&igrave; S22 Ultra ch&iacute;nh l&agrave; lựa chọn ho&agrave;n hảo d&agrave;nh cho bạn.</span></span></p>\r\n', 'Samsung, smartphone, n3store', 36990000, 1, 4, 1, '2022-05-06 08:39:00', '2022-05-10 06:24:47'),
(98, 'Điện thoại iPhone 13 Pro Max 256GB', 'dien-thoai-iphone-13-pro-max-256gb', 'Màn hình:  OLED6.7', 'Tặng suất mua kèm đồng hồ Beu giảm 30% (không áp dụng khuyến mãi khác của đồng hồ)', 'Mua Đồng hồ thời trang giảm 40% cho Đồng hồ dưới 3 triệu, giảm 30% cho Đồng hồ từ 3 triệu trở lên', 'Sạc dự phòng giảm 30% khi mua kèm Điện thoại, Laptop, Tablet', 'Bộ sản phẩm gồm: Hộp, Sách hướng dẫn, Cây lấy sim, Cáp Lightning - Type C', '1652189103_iphone-13-pro-max-avt-removebg.png', '<h3><strong><span style=\"font-size:18px\"><span style=\"font-family:times new roman,times,serif\"><a href=\"https://www.thegioididong.com/dtdd/iphone-13-pro-max-256gb\" target=\"_blank\" title=\"Tham khảo giá điện thoại iPhone 13 Pro Max 256GB chính hãng\">iPhone 13 Pro Max 256 GB</a>&nbsp;- si&ecirc;u phẩm mang tr&ecirc;n m&igrave;nh bộ vi xử l&yacute; Apple A15 Bionic h&agrave;ng đầu, m&agrave;n h&igrave;nh Super Retina XDR 120 Hz, cụm camera khẩu độ f/1.5 cực lớn, tất cả sẽ mang lại cho bạn những trải nghiệm tuyệt vời chưa từng c&oacute;.</span></span></strong></h3>\r\n', '<h3><strong><span style=\"font-size:18px\"><span style=\"font-family:times new roman,times,serif\">Thi&ecirc;́t k&ecirc;́ đẳng cấp, sang trọng</span></span></strong></h3>\r\n\r\n<p><span style=\"font-size:18px\"><span style=\"font-family:times new roman,times,serif\">iPhone 13 Pro Max vẫn sẽ kế thừa thiết kế đặc trưng của&nbsp;<a href=\"https://www.thegioididong.com/dtdd-apple-iphone-12-series\" target=\"_blank\" title=\"Tham khảo iPhone 12 Series tại Thế Giới Di Động\">iPhone 12 Series</a>, vẫn l&agrave; một sản phẩm với khung viền được ho&agrave;n thiện từ th&eacute;p kh&ocirc;ng gỉ, hai mặt trước sau được trang bị k&iacute;nh cường lực b&oacute;ng bẩy.</span></span></p>\r\n\r\n<p>&nbsp;</p>\r\n\r\n<p><span style=\"font-size:18px\"><span style=\"font-family:times new roman,times,serif\"><a href=\"https://www.thegioididong.com/images/42/250261/iphone-13-pro-max-256gb-1.jpg\" onclick=\"return false;\"><img alt=\"Thiết kế nguyên khối đẳng cấp - iPhone 13 Pro Max 256GB\" src=\"https://cdn.tgdd.vn/Products/Images/42/250261/iphone-13-pro-max-256gb-1.jpg\" title=\"Thiết kế nguyên khối đẳng cấp - iPhone 13 Pro Max 256GB\" /></a></span></span></p>\r\n\r\n<p>&nbsp;</p>\r\n\r\n<p><span style=\"font-size:18px\"><span style=\"font-family:times new roman,times,serif\">Đi&ecirc;̉m thay đ&ocirc;̉i lớn tr&ecirc;n 13 Pro Max có th&ecirc;̉ là ph&acirc;̀n module camera được l&agrave;m to hơn kh&aacute; nhiều, ph&acirc;̀n cạnh vi&ecirc;̀n máy được vát phẳng sang trọng c&ugrave;ng bốn g&oacute;c được l&agrave;m bo cong nhẹ, phủ một lớp mờ gi&uacute;p hạn chế b&aacute;m bụi bẩn v&agrave; v&acirc;n tay.</span></span></p>\r\n\r\n<p>&nbsp;</p>\r\n\r\n<p><span style=\"font-size:18px\"><span style=\"font-family:times new roman,times,serif\"><a href=\"https://www.thegioididong.com/images/42/250261/iphone-13-pro-max-256gb-2.jpg\" onclick=\"return false;\"><img alt=\"Ngoại hình trẻ trung -  iPhone 13 Pro Max 256GB\" src=\"https://cdn.tgdd.vn/Products/Images/42/250261/iphone-13-pro-max-256gb-2.jpg\" title=\"Ngoại hình trẻ trung -  iPhone 13 Pro Max 256GB\" /></a></span></span></p>\r\n\r\n<p>&nbsp;</p>\r\n\r\n<p><span style=\"font-size:18px\"><span style=\"font-family:times new roman,times,serif\">Ngoài ra, iPhone 13 Pro Max cũng sẽ đảm bảo được khả năng&nbsp;<a href=\"https://www.thegioididong.com/dtdd-chong-nuoc-bui\" target=\"_blank\" title=\"Tham khảo giá điện thoại smartphone chống nước chống bụi\">kh&aacute;ng nước v&agrave; bụi</a>&nbsp;với chu&acirc;̉n IP68 v&agrave; sẽ được ra mắt với nhi&ecirc;̀u t&ugrave;y chọn màu sắc khác nhau bao gồm một số m&agrave;u nổi bật như: V&agrave;ng, bạc, xanh dương v&agrave; x&aacute;m.</span></span></p>\r\n\r\n<p>&nbsp;</p>\r\n\r\n<p><span style=\"font-size:18px\"><span style=\"font-family:times new roman,times,serif\"><a href=\"https://www.thegioididong.com/images/42/250261/iphone-13-pro-max-256gb-3.jpg\" onclick=\"return false;\"><img alt=\"Khả năng kháng bụi, nước - iPhone 13 Pro Max 256GB\" src=\"https://cdn.tgdd.vn/Products/Images/42/250261/iphone-13-pro-max-256gb-3.jpg\" title=\"Khả năng kháng bụi, nước - iPhone 13 Pro Max 256GB\" /></a></span></span></p>\r\n\r\n<p>&nbsp;</p>\r\n\r\n<h3><strong><span style=\"font-size:18px\"><span style=\"font-family:times new roman,times,serif\">M&agrave;n h&igrave;nh OLED với thiết kế tai thỏ gọn hơn</span></span></strong></h3>\r\n\r\n<p><span style=\"font-size:18px\"><span style=\"font-family:times new roman,times,serif\">C&aacute;c th&ocirc;ng số m&agrave;n h&igrave;nh của iPhone 13 Pro Max gồm: K&iacute;ch thước lớn 6.7 inch, t&acirc;́m n&ecirc;̀n Super Retina XDR OLED v&agrave; độ ph&acirc;n giải 1284 x 2778 Pixels cho mật độ điểm ảnh 458 ppi với khả năng hiển thị m&agrave;u sắc n&eacute;t độ chi tiết cao mang tới trải nghiệm giải tr&iacute; cực đ&atilde;.</span></span></p>\r\n\r\n<p>&nbsp;</p>\r\n\r\n<p><span style=\"font-size:18px\"><span style=\"font-family:times new roman,times,serif\"><a href=\"https://www.thegioididong.com/images/42/250261/iphone-13-pro-max-256gb-4.jpg\" onclick=\"return false;\"><img alt=\"Màn hình 6.7 inch sắc nét - iPhone 13 Pro Max 256GB\" src=\"https://cdn.tgdd.vn/Products/Images/42/250261/iphone-13-pro-max-256gb-4.jpg\" title=\"Màn hình 6.7 inch sắc nét - iPhone 13 Pro Max 256GB\" /></a></span></span></p>\r\n\r\n<p>&nbsp;</p>\r\n\r\n<p><span style=\"font-size:18px\"><span style=\"font-family:times new roman,times,serif\">Phần tai thỏ ph&iacute;a trước cũng được&nbsp;<a href=\"https://www.thegioididong.com/apple\" target=\"_blank\" title=\"Tham khảo giá điện thoại smartphone iPhone chính hãng\">Apple</a>&nbsp;tinh chỉnh thu gọn khoảng 20% so với thế hệ trước mang đến kh&ocirc;ng gian hiển thị lớn hơn cho người d&ugrave;ng trải nghiệm.</span></span></p>\r\n\r\n<p>&nbsp;</p>\r\n\r\n<p><span style=\"font-size:18px\"><span style=\"font-family:times new roman,times,serif\"><a href=\"https://www.thegioididong.com/images/42/250261/iphone-13-pro-max-256gb-5.jpg\" onclick=\"return false;\"><img alt=\"Màn hình tai thỏ được tinh giản - iPhone 13 Pro Max 256GB\" src=\"https://cdn.tgdd.vn/Products/Images/42/250261/iphone-13-pro-max-256gb-5.jpg\" title=\"Màn hình tai thỏ được tinh giản - iPhone 13 Pro Max 256GB\" /></a></span></span></p>\r\n\r\n<p>&nbsp;</p>\r\n\r\n<p><span style=\"font-size:18px\"><span style=\"font-family:times new roman,times,serif\">Kh&ocirc;ng chỉ m&atilde;n nh&atilde;n với m&agrave;n h&igrave;nh Super Retina XDR, iPhone 13 Pro Max c&ograve;n được trang bị c&ocirc;ng nghệ ProMotion, gi&uacute;p mọi trải nghiệm cảm ứng từ vuốt, chạm, cuộn trang cho đến chơi game đều mượt m&agrave; một c&aacute;ch đ&aacute;ng kinh ngạc.</span></span></p>\r\n\r\n<p>&nbsp;</p>\r\n\r\n<p><span style=\"font-size:18px\"><span style=\"font-family:times new roman,times,serif\"><a href=\"https://www.thegioididong.com/images/42/250261/iphone-13-pro-max-256gb-6.jpg\" onclick=\"return false;\"><img alt=\"Công nghệ ProMotion thông minh - iPhone 13 Pro Max 256GB\" src=\"https://cdn.tgdd.vn/Products/Images/42/250261/iphone-13-pro-max-256gb-6.jpg\" title=\"Công nghệ ProMotion thông minh - iPhone 13 Pro Max 256GB\" /></a></span></span></p>\r\n\r\n<p>&nbsp;</p>\r\n\r\n<p><span style=\"font-size:18px\"><span style=\"font-family:times new roman,times,serif\">C&ocirc;ng nghệ ProMotion cực kỳ xịn s&ograve; c&oacute; khả năng tự động điều chỉnh tần số qu&eacute;t từ 10 - 120 Hz t&ugrave;y thuộc v&agrave;o tốc độ lướt v&agrave; nội dung hiển thị. Nhờ đ&oacute; d&ugrave; c&oacute; tần số l&agrave;m tươi cao nhưng thời lượng pin vẫn hứa hẹn được cải thiện đ&aacute;ng kể.</span></span></p>\r\n\r\n<p><span style=\"font-size:18px\"><span style=\"font-family:times new roman,times,serif\">Ngoài ra, độ s&aacute;ng m&agrave;n h&igrave;nh tr&ecirc;n iPhone 13 Pro Max được tăng l&ecirc;n 1200 nits khi hiển thị nội dung HDR, tích hợp những tính năng b&ocirc;̉ trợ khác như Dolby Vision, True Tone hoặc gam màu r&ocirc;̣ng P3 mang đến cho người d&ugrave;ng chất lượng hiển thị sắc n&eacute;t v&agrave; ch&acirc;n thực đến từng chi tiết.</span></span></p>\r\n\r\n<p>&nbsp;</p>\r\n\r\n<p><span style=\"font-size:18px\"><span style=\"font-family:times new roman,times,serif\"><a href=\"https://www.thegioididong.com/images/42/250261/iphone-13-pro-max-256gb-8.jpg\" onclick=\"return false;\"><img alt=\"Tích hợp nhiều tính năng bổ trợ - iPhone 13 Pro Max 256GB\" src=\"https://cdn.tgdd.vn/Products/Images/42/250261/iphone-13-pro-max-256gb-8.jpg\" title=\"Tích hợp nhiều tính năng bổ trợ - iPhone 13 Pro Max 256GB\" /></a></span></span></p>\r\n\r\n<p>&nbsp;</p>\r\n\r\n<p><span style=\"font-size:18px\"><span style=\"font-family:times new roman,times,serif\">Mặt trước của thiết bị được phủ một lớp Ceramic Shield độc quyền tr&ecirc;n của h&atilde;ng, với độ bền vượt trội, khả năng chống trầy xước cao gi&uacute;p bảo vệ m&agrave;n h&igrave;nh&nbsp;<a href=\"https://www.thegioididong.com/dtdd-apple-iphone\" target=\"_blank\" title=\"Tham khảo giá điện thoại smartphone iPhone chính hãng\">iPhone</a>&nbsp;hiệu quả.&nbsp;</span></span></p>\r\n\r\n<p>&nbsp;</p>\r\n\r\n<p><span style=\"font-size:18px\"><span style=\"font-family:times new roman,times,serif\"><a href=\"https://www.thegioididong.com/images/42/250261/iphone-13-pro-max-256gb-7.jpg\" onclick=\"return false;\"><img alt=\"Được phủ Ceramic Shield độc quyền - iPhone 13 Pro Max 256GB\" src=\"https://cdn.tgdd.vn/Products/Images/42/250261/iphone-13-pro-max-256gb-7.jpg\" title=\"Được phủ Ceramic Shield độc quyền - iPhone 13 Pro Max 256GB\" /></a></span></span></p>\r\n\r\n<p>&nbsp;</p>\r\n\r\n<h3><strong><span style=\"font-size:18px\"><span style=\"font-family:times new roman,times,serif\">Cụm camera n&acirc;ng c&acirc;́p, hỗ trợ chụp ảnh, quay phim chuy&ecirc;n nghiệp</span></span></strong></h3>\r\n\r\n<p><span style=\"font-size:18px\"><span style=\"font-family:times new roman,times,serif\">Giống như thế hệ trước, iPhone 13 Pro Max trang bị hệ thống 3 camera sau, nay được n&acirc;ng cấp to&agrave;n diện khi trang bị camera c&oacute; khẩu độ v&agrave; k&iacute;ch thước cảm biến si&ecirc;u lớn, hỗ trợ ống k&iacute;nh len 6P đi c&ugrave;ng chip xử l&yacute; h&igrave;nh ảnh ISP mới t&iacute;ch hợp tr&ecirc;n Apple A15 Bionic v&agrave; thuật to&aacute;n phần mềm th&ocirc;ng minh. Gi&uacute;p iPhone 13 Pro Max thu s&aacute;ng tốt hơn tới 2.2 lần ở camera ch&iacute;nh, hơn 92% ở camera g&oacute;c si&ecirc;u rộng để trở th&agrave;nh chiếc điện thoại chụp đ&ecirc;m xuất sắc nhất hiện nay.</span></span></p>\r\n\r\n<p>&nbsp;</p>\r\n\r\n<p><span style=\"font-size:18px\"><span style=\"font-family:times new roman,times,serif\"><a href=\"https://www.thegioididong.com/images/42/250261/iphone-13-pro-max-256gb-9.jpg\" onclick=\"return false;\"><img alt=\"Cụm camera sau - iPhone 13 Pro Max 256GB\" src=\"https://cdn.tgdd.vn/Products/Images/42/250261/iphone-13-pro-max-256gb-9.jpg\" title=\"Cụm camera sau - iPhone 13 Pro Max 256GB\" /></a></span></span></p>\r\n\r\n<p>&nbsp;</p>\r\n\r\n<p><span style=\"font-size:18px\"><span style=\"font-family:times new roman,times,serif\"><a href=\"https://www.thegioididong.com/dtdd-camera-goc-rong\" target=\"_blank\" title=\"Tham khảo giá điện thoại smartphone camera chụp hình góc rộng\">Camera g&oacute;c si&ecirc;u rộng</a>&nbsp;của iPhone 13 Pro Max kh&ocirc;ng chỉ chụp được những h&igrave;nh ảnh khung h&igrave;nh rộng m&agrave; c&ograve;n c&oacute; khả năng lấy n&eacute;t ở khoảng c&aacute;ch chỉ 2 cm, hỗ trợ t&iacute;nh năng Photographic Styles t&iacute;ch hợp c&aacute;c bộ lọc m&agrave;u th&ocirc;ng minh c&oacute; thể tăng hoặc tắt m&agrave;u m&agrave; kh&ocirc;ng ảnh hưởng đến t&ocirc;ng m&agrave;u da gi&uacute;p người d&ugrave;ng người d&ugrave;ng thoải m&aacute;i s&aacute;ng tạo, chỉnh sửa ảnh trong thời gian thực theo &yacute; th&iacute;ch.</span></span></p>\r\n\r\n<p>&nbsp;</p>\r\n\r\n<p><span style=\"font-size:18px\"><span style=\"font-family:times new roman,times,serif\"><a href=\"https://www.thegioididong.com/images/42/250261/iphone-13-pro-max-256gb-10.jpg\" onclick=\"return false;\"><img alt=\"Camera góc siêu rộng - iPhone 13 Pro Max 256GB\" src=\"https://cdn.tgdd.vn/Products/Images/42/250261/iphone-13-pro-max-256gb-10.jpg\" title=\"Camera góc siêu rộng - iPhone 13 Pro Max 256GB\" /></a></span></span></p>\r\n\r\n<p>&nbsp;</p>\r\n\r\n<p><span style=\"font-size:18px\"><span style=\"font-family:times new roman,times,serif\">Với&nbsp;<a href=\"https://www.thegioididong.com/dtdd-camera-zoom\" target=\"_blank\" title=\"Tham khảo giá điện thoại smartphone camera zoom\">camera tele</a>, ti&ecirc;u cự giờ đ&acirc;y đ&atilde; được tăng l&ecirc;n 77 mm tương đương zoom 3x cho khả năng ph&oacute;ng to h&igrave;nh ảnh v&agrave; video gấp 3 lần nhưng vẫn giữ nguy&ecirc;n chất lượng.</span></span></p>\r\n\r\n<p>&nbsp;</p>\r\n\r\n<p><span style=\"font-size:18px\"><span style=\"font-family:times new roman,times,serif\"><a href=\"https://www.thegioididong.com/images/42/250261/iphone-13-pro-max-256gb-11.jpg\" onclick=\"return false;\"><img alt=\"Camera tele cho phép zoom quang học 3x - iPhone 13 Pro Max 256GB\" src=\"https://cdn.tgdd.vn/Products/Images/42/250261/iphone-13-pro-max-256gb-11.jpg\" title=\"Camera tele cho phép zoom quang học 3x - iPhone 13 Pro Max 256GB\" /></a></span></span></p>\r\n\r\n<p>&nbsp;</p>\r\n\r\n<p><span style=\"font-size:18px\"><span style=\"font-family:times new roman,times,serif\">B&ecirc;n cạnh đ&oacute;, m&aacute;y qu&eacute;t LiDAR v&acirc;̃n sẽ hi&ecirc;̣n di&ecirc;̣n tr&ecirc;n iPhone 13 Pro Max, kh&ocirc;ng chỉ tăng cường khả năng lấy n&eacute;t khi quay video v&agrave; chụp ảnh ch&acirc;n dung x&oacute;a ph&ocirc;ng, m&agrave; c&ograve;n g&oacute;p phần mang đ&ecirc;́n trải nghi&ecirc;̣m thực t&ecirc;́ tăng cường (AR) t&ocirc;́t nh&acirc;́t cho t&acirc;́t cả người dùng.</span></span></p>\r\n\r\n<p><span style=\"font-size:18px\"><span style=\"font-family:times new roman,times,serif\">Ấn tượng hơn nữa khi iPhone 13 Pro Max c&ograve;n t&iacute;ch hợp chế độ quay phim Cinematic, dễ d&agrave;ng lấy n&eacute;t v&agrave;o chủ thể, đồng thời l&agrave;m mờ hậu cảnh v&agrave; những nh&acirc;n vật kh&aacute;c trong khung h&igrave;nh, quay video macro,&nbsp;<a href=\"https://www.thegioididong.com/dtdd-camera-xoa-phong\" target=\"_blank\" title=\"Tham khảo giá điện thoại smartphone camera chụp hình xoá phông\">x&oacute;a ph&ocirc;ng</a>&nbsp;nghệ thuật để bạn c&oacute; thể s&aacute;ng tạo những thước phim chất lượng tương đương c&aacute;c bom tấn điện ảnh tr&ecirc;n ch&iacute;nh chiếc điện thoại của m&igrave;nh.</span></span></p>\r\n\r\n<p>&nbsp;</p>\r\n\r\n<p><span style=\"font-size:18px\"><span style=\"font-family:times new roman,times,serif\"><a href=\"https://www.thegioididong.com/images/42/250261/iphone-13-pro-max-256gb-12.jpg\" onclick=\"return false;\"><img alt=\"Chế độ cinematic độc đáo - iPhone 13 Pro Max 256GB\" src=\"https://cdn.tgdd.vn/Products/Images/42/250261/iphone-13-pro-max-256gb-12.jpg\" title=\"Chế độ cinematic độc đáo - iPhone 13 Pro Max 256GB\" /></a></span></span></p>\r\n\r\n<p>&nbsp;</p>\r\n\r\n<p><span style=\"font-size:18px\"><span style=\"font-family:times new roman,times,serif\">Bạn cũng c&oacute; thể sản xuất những bộ phim hay dự &aacute;n điện ảnh với định dạng n&eacute;n ProRes để bạn chỉnh sửa, bi&ecirc;n tập, th&ecirc;m v&agrave;o hiệu ứng n&acirc;ng cao, c&oacute; thể chỉnh sửa chuy&ecirc;n s&acirc;u như ở ứng dụng Final Cut Pro, tạo n&ecirc;n những thước phim chất lượng kh&ocirc;ng k&eacute;m g&igrave; một t&aacute;c phẩm điện ảnh.</span></span></p>\r\n\r\n<p>&nbsp;</p>\r\n\r\n<p><span style=\"font-size:18px\"><span style=\"font-family:times new roman,times,serif\"><a href=\"https://www.thegioididong.com/images/42/250261/iphone-13-pro-max-256gb-13.jpg\" onclick=\"return false;\"><img alt=\"Quay video chuyên nghiệp với ProRes - iPhone 13 Pro Max 256GB\" src=\"https://cdn.tgdd.vn/Products/Images/42/250261/iphone-13-pro-max-256gb-13.jpg\" title=\"Quay video chuyên nghiệp với ProRes - iPhone 13 Pro Max 256GB\" /></a></span></span></p>\r\n\r\n<p>&nbsp;</p>\r\n\r\n<p><span style=\"font-size:18px\"><span style=\"font-family:times new roman,times,serif\">Camera selfie tr&ecirc;n iPhone 13 Pro Max kh&ocirc;ng thay đ&ocirc;̉i so với model ti&ecirc;̀n nhi&ecirc;̣m vẫn sở hữu độ ph&acirc;n giải 12 MP nhưng được n&acirc;ng cấp với khả năng chụp ảnh selfie góc r&ocirc;̣ng t&iacute;ch hợp đầy đủ những t&iacute;nh năng cao cấp c&oacute; mặt tr&ecirc;n camera ch&iacute;nh như: Chụp ảnh ch&acirc;n dung x&oacute;a ph&ocirc;ng, chế độ chụp đ&ecirc;m, Smart HDR 4, quay video 4K HDR Dolby Vison, chế độ điện ảnh Cinematic,... cho bạn lu&ocirc;n tỏa s&aacute;ng rạng ngời trong mọi ho&agrave;n cảnh.</span></span></p>\r\n\r\n<p>&nbsp;</p>\r\n\r\n<p><span style=\"font-size:18px\"><span style=\"font-family:times new roman,times,serif\"><a href=\"https://www.thegioididong.com/images/42/250261/iphone-13-pro-max-256gb-14.jpg\" onclick=\"return false;\"><img alt=\"Camera trước hỗ trợ nhiều tính năng chụp - iPhone 13 Pro Max 256GB\" src=\"https://cdn.tgdd.vn/Products/Images/42/250261/iphone-13-pro-max-256gb-14.jpg\" title=\"Camera trước hỗ trợ nhiều tính năng chụp - iPhone 13 Pro Max 256GB\" /></a></span></span></p>\r\n\r\n<p>&nbsp;</p>\r\n\r\n<p><span style=\"font-size:18px\"><span style=\"font-family:times new roman,times,serif\">Kh&ocirc;ng chỉ đơn thuần đ&oacute;ng vai tr&ograve; selfie, t&iacute;nh năng nhận diện khu&ocirc;n mặt Face ID tr&ecirc;n iPhone 13 Pro Max cũng được n&acirc;ng cấp để c&oacute; mở kh&oacute;a dưới nhiều g&oacute;c độ kh&aacute;c nhau, an to&agrave;n v&agrave; tiện lợi bậc nhất thế giới smartphone.</span></span></p>\r\n\r\n<p>&nbsp;</p>\r\n\r\n<p><span style=\"font-size:18px\"><span style=\"font-family:times new roman,times,serif\"><a href=\"https://www.thegioididong.com/images/42/250261/iphone-13-pro-max-256gb-15.jpg\" onclick=\"return false;\"><img alt=\"Tính năng nhận diện khuôn mặt - iPhone 13 Pro Max 256GB\" src=\"https://cdn.tgdd.vn/Products/Images/42/250261/iphone-13-pro-max-256gb-15.jpg\" title=\"Tính năng nhận diện khuôn mặt - iPhone 13 Pro Max 256GB\" /></a></span></span></p>\r\n\r\n<p>&nbsp;</p>\r\n\r\n<h3><span style=\"font-size:18px\"><span style=\"font-family:times new roman,times,serif\">Sức mạnh vượt trội với Apple A15 Bionic&nbsp;</span></span></h3>\r\n\r\n<p><span style=\"font-size:18px\"><span style=\"font-family:times new roman,times,serif\">iPhone 13 Pro Max mang trong m&igrave;nh sức mạnh của tương lai với bộ vi xử l&yacute; A15 Bionic sản xuất tr&ecirc;n tiến tr&igrave;nh 5 nm cho hiệu suất mạnh hơn tới 50% so với c&aacute;c smartphone tr&ecirc;n thị trường (9/2021), c&oacute; thể thực hiện tới 15.8 ngh&igrave;n tỷ ph&eacute;p t&iacute;nh mỗi gi&acirc;y. Giờ đ&acirc;y bạn c&oacute; thể bi&ecirc;n tập video 4K, chơi game đồ họa cao, chạy đa nhiệm một c&aacute;ch mượt m&agrave;.&nbsp;</span></span></p>\r\n\r\n<p><span style=\"font-size:18px\"><span style=\"font-family:times new roman,times,serif\">Kh&ocirc;ng những thế, Apple cũng cải thiện hiệu suất c&aacute;c chức năng học m&aacute;y (ML) hỗ trợ bởi Neural Engine 16 l&otilde;i v&agrave; c&aacute;c bộ tăng tốc ML mới trong CPU, cung cấp c&aacute;c t&aacute;c vụ ML nhanh hơn gấp 2 lần so với người tiền nhiệm của n&oacute; (Apple A14).</span></span></p>\r\n\r\n<p>&nbsp;</p>\r\n\r\n<p><span style=\"font-size:18px\"><span style=\"font-family:times new roman,times,serif\">Sở hữu&nbsp;<a href=\"https://www.thegioididong.com/dtdd-ram-6gb\" target=\"_blank\" title=\"Tham khảo điện thoại có dung lượng RAM 6 GB đang bán tại TGDĐ\">RAM 6 GB</a>&nbsp;gi&uacute;p chiếc điện thoại chơi game mượt m&agrave;, ổn định từ game nhẹ đến nặng nhất hiện nay đều kh&ocirc;ng thể l&agrave;m kh&oacute; được chiếc si&ecirc;u phẩm n&agrave;y.</span></span></p>\r\n\r\n<p>&nbsp;</p>\r\n\r\n<p><span style=\"font-size:18px\"><span style=\"font-family:times new roman,times,serif\">Ngo&agrave;i ra, khả năng kết nối 5G cũng được cải thiện đ&aacute;ng kể, dễ d&agrave;ng tương th&iacute;ch với c&aacute;c nh&agrave; mạng h&agrave;ng đầu Việt Nam. C&ugrave;ng với đ&oacute; l&agrave; chế độ dữ liệu th&ocirc;ng minh, sẽ tự động điều chỉnh sử dụng 4G khi kh&ocirc;ng cần thiết để tiết kiệm điện năng v&agrave; data một c&aacute;ch tối ưu nhất.</span></span></p>\r\n\r\n<p>&nbsp;</p>\r\n\r\n<p><span style=\"font-size:18px\"><span style=\"font-family:times new roman,times,serif\">Dung lượng&nbsp;<a href=\"https://www.thegioididong.com/dtdd-rom-256gb\" target=\"_blank\" title=\"Tham khảo điện thoại có bộ nhớ trong 256 GB đang bán tại TGDĐ\">bộ nhớ trong 256 GB</a>&nbsp;bạn sẽ thoải m&aacute;i sao lưu to&agrave;n bộ h&igrave;nh ảnh, video ri&ecirc;ng tư, hay c&aacute;c dữ liệu c&aacute; nh&acirc;n cần thiết cho c&ocirc;ng việc m&agrave; kh&ocirc;ng phải đồng bộ l&ecirc;n bất cứ dịch vụ lưu trữ đ&aacute;m m&acirc;y n&agrave;o.</span></span></p>\r\n\r\n<p>&nbsp;</p>\r\n\r\n<p><span style=\"font-size:18px\"><span style=\"font-family:times new roman,times,serif\"><a href=\"https://www.thegioididong.com/images/42/250261/iphone-13-pro-max-256gb-19.jpg\" onclick=\"return false;\"><img alt=\"Dung lượng bộ nhớ - iPhone 13 Pro Max 256GB\" src=\"https://cdn.tgdd.vn/Products/Images/42/250261/iphone-13-pro-max-256gb-19.jpg\" title=\"Dung lượng bộ nhớ - iPhone 13 Pro Max 256GB\" /></a></span></span></p>\r\n\r\n<p>&nbsp;</p>\r\n\r\n<h3><strong><span style=\"font-size:18px\"><span style=\"font-family:times new roman,times,serif\">Thời lượng pin được n&acirc;ng cấp đ&aacute;ng kể</span></span></strong></h3>\r\n\r\n<p><span style=\"font-size:18px\"><span style=\"font-family:times new roman,times,serif\">iPhone 13 Pro Max sẽ đ&aacute;nh dấu bước nhảy vọt về dung lượng pin được trang bị vi&ecirc;n pin dung lượng lớn hơn, gi&uacute;p m&aacute;y cho thời gian sử dụng tăng l&ecirc;n khoảng 2.5 giờ so với thế hệ trước đ&oacute;.&nbsp;</span></span></p>\r\n\r\n<p>&nbsp;</p>\r\n\r\n<p><span style=\"font-size:18px\"><span style=\"font-family:times new roman,times,serif\"><a href=\"https://www.thegioididong.com/images/42/250261/iphone-13-pro-max-256gb-20.jpg\" onclick=\"return false;\"><img alt=\"Chip A15 giúp tối ưu hóa năng lượng - iPhone 13 Pro Max 256GB\" src=\"https://cdn.tgdd.vn/Products/Images/42/250261/iphone-13-pro-max-256gb-20.jpg\" title=\"Chip A15 giúp tối ưu hóa năng lượng - iPhone 13 Pro Max 256GB\" /></a></span></span></p>\r\n\r\n<p>&nbsp;</p>\r\n\r\n<p><span style=\"font-size:18px\"><span style=\"font-family:times new roman,times,serif\">Ngo&agrave;i ra, thế hệ iPhone 13 Pro Max vẫn sẽ hỗ trợ&nbsp;<a href=\"https://www.thegioididong.com/dtdd-sac-pin-nhanh\" target=\"_blank\" title=\"Tham khảo giá điện thoại smartphone sạc pin nhanh\">sạc nhanh</a>&nbsp;20 W v&agrave;&nbsp;<a href=\"https://www.thegioididong.com/dtdd-sac-khong-day\" target=\"_blank\" title=\"Tham khảo giá điện thoại smartphone hỗ trợ sạc pin không dây\">sạc kh&ocirc;ng d&acirc;y</a>&nbsp;15 W gi&uacute;p người d&ugrave;ng c&oacute; thể nạp lại đầy năng lượng cho m&aacute;y một c&aacute;ch nhanh ch&oacute;ng.</span></span></p>\r\n\r\n<p><span style=\"font-size:18px\"><span style=\"font-family:times new roman,times,serif\">Với&nbsp;<a href=\"https://www.topzone.vn/iphone/iphone-13-pro-max-256gb\" target=\"_blank\" title=\"Tham khảo thông tin sản phẩm tại TopZone.vn\">iPhone 13 Pro Max 256GB</a>, Apple đ&atilde; đem tới cho người d&ugrave;ng một tuyệt phẩm đỉnh cao c&ocirc;ng nghệ với những n&acirc;ng cấp mạnh mẽ về thiết kế, cấu h&igrave;nh v&agrave; hiệu năng, đặc biệt l&agrave; cụm camera đẳng cấp bổ sung c&aacute;c t&iacute;nh năng mới kh&ocirc;ng thể bỏ lỡ.&nbsp;</span></span></p>\r\n', 'iphone, smartphone, n3store', 34290000, 1, 16, 1, '2022-05-06 08:47:23', '2022-05-10 06:25:03');
INSERT INTO `products` (`id`, `name`, `slug`, `intro`, `promo1`, `promo2`, `promo3`, `packet`, `images`, `r_intro`, `review`, `tag`, `price`, `status`, `cat_id`, `user_id`, `created_at`, `updated_at`) VALUES
(103, 'Điện thoại OPPO Reno5 5G', 'dien-thoai-oppo-reno5-5g', 'Màn hình:  AMOLED6.43', 'Mã giảm 20% tối đa 100.000đ', 'FREEship đơn hàng từ 300.000đ', 'Tặng suất mua kèm Oppo watch giảm 100,000đ (không áp dụng khuyến mãi khác của đồng hồ)', 'Bộ sản phẩm gồm: Hộp, Sách hướng dẫn, Cây lấy sim, Ốp lưng, Cáp Type C, Củ sạc nhanh rời đầu Type A, Tai nghe dây ', '1652189121_oppo-reno5-5g-avt-removebg.png', '<h3><strong><span style=\"font-size:18px\"><span style=\"font-family:times new roman,times,serif\"><a href=\"https://www.thegioididong.com/dtdd-oppo\" target=\"_blank\" title=\"Tham khảo sản phẩm điện thoại OPPO tại Thế Giới Di Động\">OPPO</a>&nbsp;đ&atilde; tr&igrave;nh l&agrave;ng&nbsp;<a href=\"https://www.thegioididong.com/dtdd/oppo-reno5-5g\" target=\"_blank\" title=\"Tham khảo sản phẩm điện thoại OPPO Reno5 5G tại Thế Giới Di Động\">OPPO Reno5 5G</a>&nbsp;phi&ecirc;n bản kết nối&nbsp;<a href=\"https://www.thegioididong.com/hoi-dap/mang-5g-la-gi-co-nhung-uu-diem-gi-so-voi-4g-1312277\" target=\"_blank\" title=\"Mạng 5G là gì? Có những ưu điểm gì so với 4G?\">5G</a>&nbsp;internet si&ecirc;u nhanh ra thị trường. Chiếc&nbsp;<a href=\"https://www.thegioididong.com/dtdd\" target=\"_blank\" title=\"Tham khảo các sản phẩm điện thoại tại Thế Giới Di Động\">điện thoại</a>&nbsp;với h&agrave;ng loạt c&aacute;c t&iacute;nh năng nổi bật c&ugrave;ng vẻ ngo&agrave;i thời thượng gi&uacute;p t&ocirc;n l&ecirc;n vẻ sang trọng cho người sở hữu.</span></span></strong></h3>\r\n', '<h3 style=\"text-align:justify\"><strong><span style=\"font-size:18px\"><span style=\"font-family:times new roman,times,serif\">Từng đường n&eacute;t lấp l&aacute;nh, tỏa s&aacute;ng</span></span></strong></h3>\r\n\r\n<p style=\"text-align:justify\"><span style=\"font-size:18px\"><span style=\"font-family:times new roman,times,serif\">OPPO Reno5 5G c&oacute; cấu tạo c&aacute;c khung viền xung quanh ho&agrave;n to&agrave;n bằng kim loại cao cấp, mặt lưng l&agrave;m từ nhựa. Chiếc điện thoại được thiết kế tổng thể&nbsp;<a href=\"https://www.thegioididong.com/tin-tuc/tim-hieu-cac-kieu-thiet-ke-tren-di-dong-va-may-tin-597153#nguyenkhoi\" target=\"_blank\" title=\"Tìm hiểu các kiểu thiết kế trên di động và máy tính bảng\">nguy&ecirc;n khối</a>&nbsp;v&ocirc; c&ugrave;ng rắn chắc v&agrave; bo cong mềm mại ở 4 g&oacute;c, mang đến người d&ugrave;ng cảm gi&aacute;c cầm nắm thoải m&aacute;i nhất.</span></span></p>\r\n\r\n<p style=\"text-align:justify\">&nbsp;</p>\r\n\r\n<p style=\"text-align:justify\"><span style=\"font-size:18px\"><span style=\"font-family:times new roman,times,serif\"><a href=\"https://www.thegioididong.com/images/42/233460/a22.jpg\" onclick=\"return false;\"><img alt=\"OPPO Reno5 5G | Thiết kế nguyên khối, khung viền kim loại cao cấp\" src=\"https://cdn.tgdd.vn/Products/Images/42/233460/a22.jpg\" title=\"OPPO Reno5 5G | Thiết kế nguyên khối, khung viền kim loại cao cấp\" /></a></span></span></p>\r\n\r\n<p style=\"text-align:justify\">&nbsp;</p>\r\n\r\n<p style=\"text-align:justify\"><span style=\"font-size:18px\"><span style=\"font-family:times new roman,times,serif\">Reno5 5G chỉ sở hữu 2 phi&ecirc;n bản m&agrave;u sắc một c&aacute;ch tối giản cho người d&ugrave;ng lựa chọn l&agrave;: M&agrave;u bạc v&agrave; đen. Trong đ&oacute;, lớp vỏ của m&agrave;u bạc được phủ kết hợp giữa lớp k&iacute;nh Reno Glow v&agrave; lớp nano Picasus cho sắc &aacute;nh kim cương tr&ecirc;n th&acirc;n m&aacute;y, m&agrave;u đen th&igrave; thanh lịch v&agrave; đơn giản.</span></span></p>\r\n\r\n<p style=\"text-align:justify\">&nbsp;</p>\r\n\r\n<p style=\"text-align:justify\"><span style=\"font-size:18px\"><span style=\"font-family:times new roman,times,serif\"><a href=\"https://www.thegioididong.com/images/42/233460/a16.jpg\" onclick=\"return false;\"><img alt=\"OPPO Reno5 5G | Màu sắc thanh lịch, tối giản với hai màu bạc và đen\" src=\"https://cdn.tgdd.vn/Products/Images/42/233460/a16.jpg\" title=\"OPPO Reno5 5G | Màu sắc thanh lịch, tối giản với hai màu bạc và đen\" /></a></span></span></p>\r\n\r\n<p style=\"text-align:justify\">&nbsp;</p>\r\n\r\n<p style=\"text-align:justify\"><span style=\"font-size:18px\"><span style=\"font-family:times new roman,times,serif\">Chiếc điện thoại sở hữu 4 ống k&iacute;nh mặt sau v&agrave; đ&egrave;n LED flash được sắp xếp một c&aacute;ch tinh tế, nằm gọn trong khu&ocirc;n h&igrave;nh chữ nhật, c&ugrave;ng một ống k&iacute;nh selfie với thiết kế đục lỗ sang trọng nằm b&ecirc;n tr&aacute;i m&agrave;n h&igrave;nh.</span></span></p>\r\n\r\n<h3 style=\"text-align:justify\"><strong><span style=\"font-size:18px\"><span style=\"font-family:times new roman,times,serif\">Đem đến sự ch&acirc;n thật trong từng khung h&igrave;nh&nbsp;</span></span></strong></h3>\r\n\r\n<p style=\"text-align:justify\"><span style=\"font-size:18px\"><span style=\"font-family:times new roman,times,serif\">Reno5 5G trang bị tấm nền&nbsp;<a href=\"https://www.thegioididong.com/hoi-dap/man-hinh-amoled-la-gi-905766\" target=\"_blank\" title=\"Màn hình AMOLED là gì?\">AMOLED</a>&nbsp;mang khả năng t&aacute;i tạo m&agrave;u sắc tốt, h&igrave;nh ảnh sắc n&eacute;t v&agrave; rực rỡ, ngo&agrave;i ra c&ograve;n tiết kiệm điện năng đ&aacute;ng kể. C&ocirc;ng nghệ m&agrave;n h&igrave;nh cao cấp sẽ cho người d&ugrave;ng những trải nghiệm tuyệt vời ngay khi nhấc smartphone của bạn l&ecirc;n.</span></span></p>\r\n\r\n<p style=\"text-align:justify\">&nbsp;</p>\r\n\r\n<p style=\"text-align:justify\"><span style=\"font-size:18px\"><span style=\"font-family:times new roman,times,serif\"><a href=\"https://www.thegioididong.com/images/42/233460/a10.jpg\" onclick=\"return false;\"><img alt=\"OPPO Reno5 5G | Trang bị tấm nền AMOLED mang hình ảnh sắc nét và rực rỡ\" src=\"https://cdn.tgdd.vn/Products/Images/42/233460/a10.jpg\" title=\"OPPO Reno5 5G | Trang bị tấm nền AMOLED mang hình ảnh sắc nét và rực rỡ\" /></a></span></span></p>\r\n\r\n<p style=\"text-align:justify\">&nbsp;</p>\r\n\r\n<p style=\"text-align:justify\"><span style=\"font-size:18px\"><span style=\"font-family:times new roman,times,serif\">M&agrave;n h&igrave;nh của OPPO Reno5 5G c&oacute; độ ph&acirc;n giải&nbsp;<a href=\"https://www.thegioididong.com/tin-tuc/do-phan-giai-man-hinh-qhd-hd-fullhd-2k-4k-la-gi--592178#fullhd\" target=\"_blank\" title=\"Độ phân giải màn hình qHD, HD, FullHD, 2K, 4K là gì?\">Full HD+</a>&nbsp;n&eacute;t đến từng chi tiết, k&iacute;ch thước rộng 6.43 inch cho kh&ocirc;ng gian hiển thị thoải m&aacute;i, &ldquo;đ&atilde; mắt&rdquo; nhất. Từ đ&oacute;, những thao t&aacute;c tr&ecirc;n m&aacute;y được dễ d&agrave;ng v&agrave; l&ocirc;i cuốn.</span></span></p>\r\n\r\n<p style=\"text-align:justify\">&nbsp;</p>\r\n\r\n<p style=\"text-align:justify\"><span style=\"font-size:18px\"><span style=\"font-family:times new roman,times,serif\"><a href=\"https://www.thegioididong.com/images/42/233460/a7.jpg\" onclick=\"return false;\"><img alt=\"OPPO Reno5 5G | Màn hình rộng 6.43 inch\" src=\"https://cdn.tgdd.vn/Products/Images/42/233460/a7.jpg\" title=\"OPPO Reno5 5G | Màn hình rộng 6.43 inch\" /></a></span></span></p>\r\n\r\n<p style=\"text-align:justify\">&nbsp;</p>\r\n\r\n<p style=\"text-align:justify\"><span style=\"font-size:18px\"><span style=\"font-family:times new roman,times,serif\">Khởi động nhanh ch&oacute;ng v&agrave; bảo mật tuyệt đối với t&iacute;nh năng&nbsp;<a href=\"https://www.thegioididong.com/dtdd-bao-mat-van-tay\" target=\"_blank\" title=\"Tham khảo các sản phẩm điện thoại mở khóa vân tay tại Thế Giới Di Động\">bảo mật v&acirc;n tay</a>&nbsp;v&agrave;&nbsp;<a href=\"https://www.thegioididong.com/dtdd-bao-mat-khuon-mat\" target=\"_blank\" title=\"Tham khảo các sản phẩm điện thoại bảo mật khuôn mặt tại Thế Giới Di Động\">bảo mật khu&ocirc;n mặt</a>&nbsp;người d&ugrave;ng c&oacute; thể lựa chọn phương ph&aacute;p thuận tiện nhất với m&igrave;nh.</span></span></p>\r\n\r\n<p style=\"text-align:justify\">&nbsp;</p>\r\n\r\n<p style=\"text-align:justify\"><span style=\"font-size:18px\"><span style=\"font-family:times new roman,times,serif\"><a href=\"https://www.thegioididong.com/images/42/233460/a8.jpg\" onclick=\"return false;\"><img alt=\"OPPO Reno5 5G | Hỗ trợ tính năng bảo mật vân tay và bảo mật khuôn mặt\" src=\"https://cdn.tgdd.vn/Products/Images/42/233460/a8.jpg\" title=\"OPPO Reno5 5G | Hỗ trợ tính năng bảo mật vân tay và bảo mật khuôn mặt\" /></a></span></span></p>\r\n\r\n<p style=\"text-align:justify\">&nbsp;</p>\r\n\r\n<p style=\"text-align:justify\"><span style=\"font-size:18px\"><span style=\"font-family:times new roman,times,serif\">Bảo vệ vẻ đẹp xuất sắc của m&agrave;n h&igrave;nh Reno5 5G bằng&nbsp;<a href=\"https://www.thegioididong.com/hoi-dap/tim-hieu-kinh-cuong-luc-smartphone-corning-gorilla-glass-3-1288806\" target=\"_blank\" title=\"Tìm hiểu kính cường lực smartphone - Corning Gorilla Glass 3+\">k&iacute;nh cường lực Corning Gorilla Glass 3+</a>&nbsp;được n&acirc;ng cấp cao khả năng chống chịu va đập, trầy xước v&agrave; độ bền theo thời gian mang đến cho bạn chiếc điện thoại chắc chắn, khỏe khoắn.</span></span></p>\r\n\r\n<h3 style=\"text-align:justify\"><strong><span style=\"font-size:18px\"><span style=\"font-family:times new roman,times,serif\">Reno5 5G chi&ecirc;u mộ mọi t&iacute;nh đồ chụp ảnh, checkin hay blogger</span></span></strong></h3>\r\n\r\n<p style=\"text-align:justify\"><span style=\"font-size:18px\"><span style=\"font-family:times new roman,times,serif\">OPPO đ&atilde; trang bị một hệ thống m&aacute;y ảnh xuất sắc cho chiếc điện thoại của m&igrave;nh gồm 4 ống k&iacute;nh mặt sau bắt mắt. Camera ch&iacute;nh c&oacute; độ ph&acirc;n giải l&ecirc;n đến 64 MP,&nbsp;<a href=\"https://www.thegioididong.com/hoi-dap/camera-goc-rong-goc-sieu-rong-tren-smartphone-la-1172240\" target=\"_blank\" title=\"Camera góc rộng, góc siêu rộng trên smartphone là gì?\">camera g&oacute;c si&ecirc;u rộng</a>&nbsp;8 MP, camera macro 2 MP v&agrave; camera đơn sắc 2 MP.&nbsp;</span></span></p>\r\n\r\n<p style=\"text-align:justify\">&nbsp;</p>\r\n\r\n<p style=\"text-align:justify\"><span style=\"font-size:18px\"><span style=\"font-family:times new roman,times,serif\"><a href=\"https://www.thegioididong.com/images/42/233460/a5.jpg\" onclick=\"return false;\"><img alt=\"OPPO Reno5 5G | Cụm camera sau gồm 4 ống kính bắt mắt\" src=\"https://cdn.tgdd.vn/Products/Images/42/233460/a5.jpg\" title=\"OPPO Reno5 5G | Cụm camera sau gồm 4 ống kính bắt mắt\" /></a></span></span></p>\r\n\r\n<p style=\"text-align:justify\">&nbsp;</p>\r\n\r\n<p style=\"text-align:justify\"><span style=\"font-size:18px\"><span style=\"font-family:times new roman,times,serif\">D&agrave;n m&aacute;y ảnh nh&agrave; OPPO sở hữu tất cả c&aacute;c t&iacute;nh năng hỗ trợ l&agrave;m đẹp v&agrave; chỉnh sửa tối ưu nhất, cho bạn những bức ảnh ho&agrave;n hảo đến từng đường n&eacute;t.</span></span></p>\r\n\r\n<p style=\"text-align:justify\">&nbsp;</p>\r\n\r\n<p style=\"text-align:justify\"><span style=\"font-size:18px\"><span style=\"font-family:times new roman,times,serif\"><a href=\"https://www.thegioididong.com/images/42/233460/a6.jpg\" onclick=\"return false;\"><img alt=\"OPPO Reno5 5G | Hỗ trợ làm đẹp và chỉnh sửa tối ưu nhất, cho ảnh lung linh\" src=\"https://cdn.tgdd.vn/Products/Images/42/233460/a6.jpg\" title=\"OPPO Reno5 5G | Hỗ trợ làm đẹp và chỉnh sửa tối ưu nhất, cho ảnh lung linh\" /></a></span></span></p>\r\n\r\n<p style=\"text-align:justify\">&nbsp;</p>\r\n\r\n<p style=\"text-align:justify\"><span style=\"font-size:18px\"><span style=\"font-family:times new roman,times,serif\">OPPO Reno5 5G sở hữu trọn vẹn c&aacute;c t&iacute;nh năng quay phim với nhiều chế độ kh&aacute;c nhau từ c&ocirc;ng nghệ si&ecirc;u chống rung đến video hiển thị k&eacute;p gi&uacute;p bạn kh&ocirc;ng bỏ lỡ bất kỳ hoạt động đ&aacute;ng nhớ n&agrave;o.</span></span></p>\r\n\r\n<p style=\"text-align:justify\">&nbsp;</p>\r\n\r\n<p style=\"text-align:justify\"><span style=\"font-size:18px\"><span style=\"font-family:times new roman,times,serif\"><a href=\"https://www.thegioididong.com/images/42/233460/a9.jpg\" onclick=\"return false;\"><img alt=\"OPPO Reno5 5G | Giao diện chụp ảnh\" src=\"https://cdn.tgdd.vn/Products/Images/42/233460/a9.jpg\" title=\"OPPO Reno5 5G | Giao diện chụp ảnh\" /></a></span></span></p>\r\n\r\n<p style=\"text-align:justify\">&nbsp;</p>\r\n\r\n<p style=\"text-align:justify\"><span style=\"font-size:18px\"><span style=\"font-family:times new roman,times,serif\">M&aacute;y ảnh selfie mặt trước c&oacute; độ ph&acirc;n giải l&ecirc;n đến 32 MP, với th&ocirc;ng số lớn n&agrave;y camera selfie của Reno5 5G tự h&agrave;o mang những t&iacute;nh năng tốt kh&ocirc;ng thua k&eacute;m g&igrave; với d&agrave;n camera của mặt sau. Hỗ trợ&nbsp;<a href=\"https://www.thegioididong.com/hoi-dap/che-do-lam-dep-beautify-tren-smartphone-tablet-1172231\" target=\"_blank\" title=\"Chế độ làm đẹp (Beautify) trên smartphone, tablet là gì?\">l&agrave;m đẹp</a>&nbsp;nổi bật l&ecirc;n vẻ thanh t&uacute; v&agrave; tự nhi&ecirc;n tr&ecirc;n khu&ocirc;n mặt bạn.</span></span></p>\r\n\r\n<h3 style=\"text-align:justify\"><strong><span style=\"font-size:18px\"><span style=\"font-family:times new roman,times,serif\"><a href=\"https://www.thegioididong.com/hoi-dap/tim-hieu-bo-xu-ly-5g-tam-trung-snapdragon-765-765g-1237824\" target=\"_blank\" title=\"Tìm hiểu bộ xử lý 5G tầm trung Snapdragon 765 / 765G\">Snapdragon 765G 8 nh&acirc;n</a>&nbsp;phi&ecirc;n bản chuy&ecirc;n game vượt trội</span></span></strong></h3>\r\n\r\n<p style=\"text-align:justify\"><span style=\"font-size:18px\"><span style=\"font-family:times new roman,times,serif\">D&ograve;ng chipset 5G tầm trung được trang bị tr&ecirc;n Reno5 5G được ph&aacute;t triển tập trung v&agrave;o hiệu năng gaming mạnh mẽ, bộ xử l&yacute; đồ họa Adreno 620 cung cấp h&igrave;nh ảnh tr&ecirc;n game r&otilde; r&agrave;ng, ch&acirc;n thực.</span></span></p>\r\n\r\n<p style=\"text-align:justify\">&nbsp;</p>\r\n\r\n<p style=\"text-align:justify\"><span style=\"font-size:18px\"><span style=\"font-family:times new roman,times,serif\"><a href=\"https://www.thegioididong.com/images/42/233460/765g.jpg\" onclick=\"return false;\"><img alt=\"OPPO Reno5 5G | Chip Snapdragon 765G 8 nhân cùng bộ xử lý đồ họa Adreno 620 mạnh mẽ\" src=\"https://cdn.tgdd.vn/Products/Images/42/233460/765g.jpg\" title=\"OPPO Reno5 5G | Chip Snapdragon 765G 8 nhân cùng bộ xử lý đồ họa Adreno 620 mạnh mẽ\" /></a></span></span></p>\r\n\r\n<p style=\"text-align:justify\">&nbsp;</p>\r\n\r\n<p style=\"text-align:justify\"><span style=\"font-size:18px\"><span style=\"font-family:times new roman,times,serif\">Khi được kiểm tra qua phần mềm Antutu, m&aacute;y cho ra kết quả kh&aacute; ấn tượng với 313.957 điểm ho&agrave;n to&agrave;n đ&aacute;p ứng đủ c&aacute;c t&aacute;c vụ nặng đến từ người d&ugrave;ng, c&aacute;c tựa game đồ hoạ cũng kh&ocirc;ng thể l&agrave;m kh&oacute; được Reno5 5G.</span></span></p>\r\n\r\n<p style=\"text-align:justify\">&nbsp;</p>\r\n\r\n<p style=\"text-align:justify\"><span style=\"font-size:18px\"><span style=\"font-family:times new roman,times,serif\"><a href=\"https://www.thegioididong.com/images/42/233460/oppo-reno5-5g-test.jpg\" onclick=\"return false;\"><img alt=\"OPPO Reno5 5G | Điểm Antutu \" src=\"https://cdn.tgdd.vn/Products/Images/42/233460/oppo-reno5-5g-test.jpg\" title=\"OPPO Reno5 5G | Điểm Antutu \" /></a></span></span></p>\r\n\r\n<p style=\"text-align:justify\">&nbsp;</p>\r\n\r\n<p style=\"text-align:justify\"><span style=\"font-size:18px\"><span style=\"font-family:times new roman,times,serif\">Kết hợp với&nbsp;<a href=\"https://www.thegioididong.com/dtdd-ram-8gb\" target=\"_blank\" title=\"Tham khảo điện thoại có RAM 8 GB tại Thegioididong.com\">RAM 8 GB</a>&nbsp;cho tốc độ xử l&yacute; cao v&agrave; nhạy, khả năng đa nhiệm mượt m&agrave; v&agrave;&nbsp;<a href=\"https://www.thegioididong.com/dtdd-rom-128gb\" target=\"_blank\" title=\"Tham khảo điện thoại có bộ nhớ 128 GB tại Thegioididong.com\">bộ nhớ trong 128 GB</a>&nbsp;rộng mở dung lượng lưu trữ c&aacute;c th&ocirc;ng tin, ứng dụng, h&igrave;nh ảnh,... m&agrave; bạn cần thiết.</span></span></p>\r\n\r\n<p style=\"text-align:justify\">&nbsp;</p>\r\n\r\n<p style=\"text-align:justify\"><span style=\"font-size:18px\"><span style=\"font-family:times new roman,times,serif\"><a href=\"https://www.thegioididong.com/images/42/233460/a11.jpg\" onclick=\"return false;\"><img alt=\"OPPO Reno5 5G | Khe cắm \" src=\"https://cdn.tgdd.vn/Products/Images/42/233460/a11.jpg\" title=\"OPPO Reno5 5G | Khe cắm \" /></a></span></span></p>\r\n\r\n<p style=\"text-align:justify\">&nbsp;</p>\r\n\r\n<p style=\"text-align:justify\"><span style=\"font-size:18px\"><span style=\"font-family:times new roman,times,serif\">Trang bị c&ocirc;ng nghệ loa Dolby Atmos &acirc;m thanh sống động, l&ocirc;i cuốn đến từ rạp phim, smartphone mang đến trải nghiệm giải tr&iacute; cảm hứng nhất cho người d&ugrave;ng.</span></span></p>\r\n\r\n<h3 style=\"text-align:justify\"><strong><span style=\"font-size:18px\"><span style=\"font-family:times new roman,times,serif\">Thời đại của c&ocirc;ng nghệ kết nối si&ecirc;u tốc</span></span></strong></h3>\r\n\r\n<p style=\"text-align:justify\"><span style=\"font-size:18px\"><span style=\"font-family:times new roman,times,serif\">OPPO Reno5 5G hỗ trợ kết nối 5G tốc độ cao cho khả năng tải xuống, đăng l&ecirc;n nhanh tức th&igrave;, người ti&ecirc;u d&ugrave;ng c&oacute; quyền truy cập v&agrave;o bất cứ trải nghiệm chất lượng vượt trội n&agrave;o tr&ecirc;n mạng, c&aacute;c trang phim, trang game,... Reno5 5G đều đ&aacute;p ứng nhanh ch&oacute;ng v&agrave; mượt m&agrave;.</span></span></p>\r\n\r\n<p style=\"text-align:justify\">&nbsp;</p>\r\n\r\n<p style=\"text-align:justify\"><span style=\"font-size:18px\"><span style=\"font-family:times new roman,times,serif\"><a href=\"https://www.thegioididong.com/images/42/233460/a3.jpg\" onclick=\"return false;\"><img alt=\"OPPO Reno5 5G | Hỗ trợ kết nối 5G tốc độ cao\" src=\"https://cdn.tgdd.vn/Products/Images/42/233460/a3.jpg\" title=\"OPPO Reno5 5G | Hỗ trợ kết nối 5G tốc độ cao\" /></a></span></span></p>\r\n\r\n<p style=\"text-align:justify\">&nbsp;</p>\r\n\r\n<h3 style=\"text-align:justify\"><strong><span style=\"font-size:18px\"><span style=\"font-family:times new roman,times,serif\">SuperVOOC sạc si&ecirc;u nhanh an to&agrave;n v&agrave; tiện lợi</span></span></strong></h3>\r\n\r\n<p style=\"text-align:justify\"><span style=\"font-size:18px\"><span style=\"font-family:times new roman,times,serif\">Vi&ecirc;n pin&nbsp;<a href=\"https://www.thegioididong.com/hoi-dap/so-sanh-pin-li-ion-va-pin-li-po-651833#lipo\" target=\"_blank\" title=\"So sánh pin Li ion và pin Li Po\">Li-Po</a>&nbsp;của Reno5 5G c&oacute; dung lượng 4300 mAh kh&aacute; lớn, smartphone dễ d&agrave;ng đ&aacute;p ứng c&aacute;c nhu cầu hoạt động tr&ecirc;n m&aacute;y suốt cả ng&agrave;y.&nbsp;</span></span></p>\r\n\r\n<p style=\"text-align:justify\">&nbsp;</p>\r\n\r\n<p style=\"text-align:justify\"><span style=\"font-size:18px\"><span style=\"font-family:times new roman,times,serif\"><a href=\"https://www.thegioididong.com/images/42/233460/a4.jpg\" onclick=\"return false;\"><img alt=\"OPPO Reno5 5G | Viên pin Li-Po có dung lượng 4300 mAh\" src=\"https://cdn.tgdd.vn/Products/Images/42/233460/a4.jpg\" title=\"OPPO Reno5 5G | Viên pin Li-Po có dung lượng 4300 mAh\" /></a></span></span></p>\r\n\r\n<p style=\"text-align:justify\">&nbsp;</p>\r\n\r\n<p style=\"text-align:justify\"><span style=\"font-size:18px\"><span style=\"font-family:times new roman,times,serif\">Học tập, l&agrave;m việc v&agrave; giải tr&iacute; thả ga với sự hỗ trợ của&nbsp;<a href=\"https://www.thegioididong.com/hoi-dap/tim-hieu-sac-sieu-nhanh-super-vooc-tren-dien-thoai-1172435\" target=\"_blank\" title=\"Tìm hiểu sạc siêu nhanh Super VOOC trên điện thoại OPPO\">sạc si&ecirc;u nhanh SuperVOOC</a>&nbsp;l&ecirc;n đến 65 W. Sạc đầy 60% pin chỉ trong 15 ph&uacute;t, đầy 100% pin chỉ trong 35 ph&uacute;t c&ugrave;ng với chế độ&nbsp;<a href=\"https://www.thegioididong.com/hoi-dap/che-do-tiet-kiem-pin-va-sieu-tiet-kiem-pin-tren-dien-thoai-926730\" target=\"_blank\" title=\"Chế độ tiết kiệm pin và siêu tiết kiệm pin trên điện thoại là gì?\">tiết kiệm pin</a>&nbsp;gi&uacute;p k&eacute;o d&agrave;i thời gian sử dụng cho bạn bất tận c&ugrave;ng những niềm vui.&nbsp;</span></span></p>\r\n\r\n<p style=\"text-align:justify\">&nbsp;</p>\r\n\r\n<p style=\"text-align:justify\"><span style=\"font-size:18px\"><span style=\"font-family:times new roman,times,serif\"><a href=\"https://www.thegioididong.com/images/42/233460/a2.jpg\" onclick=\"return false;\"><img alt=\"OPPO Reno5 5G | Hỗ trợ của sạc siêu nhanh 65 W\" src=\"https://cdn.tgdd.vn/Products/Images/42/233460/a2.jpg\" title=\"OPPO Reno5 5G | Hỗ trợ của sạc siêu nhanh 65 W\" /></a></span></span></p>\r\n\r\n<p style=\"text-align:justify\">&nbsp;</p>\r\n\r\n<p style=\"text-align:justify\"><span style=\"font-size:18px\"><span style=\"font-family:times new roman,times,serif\">OPPO Reno5 5G mang năng lượng v&agrave; hiệu năng v&ocirc; c&ugrave;ng vượt trội với những t&iacute;nh năng hiện đại nhất từ OPPO, hệ thống camera chất lượng ho&agrave;n hảo, m&agrave;n h&igrave;nh sắc n&eacute;t đi k&egrave;m hiệu năng tốt hứa hẹn sẽ ph&ugrave; hợp với đa dạng người ti&ecirc;u d&ugrave;ng.</span></span></p>\r\n', 'oppo, smartphone, n3store', 8490000, 1, 16, 1, '2022-05-09 18:48:38', '2022-05-10 06:25:21'),
(104, 'Điện thoại Vivo Y15s ', 'dien-thoai-vivo-y15s', 'Màn hình:  IPS LCD6.51', 'Mã giảm 20% tối đa 100.000đ', 'FREEship đơn hàng từ 300.000đ', 'Tặng suất mua xe đạp Giảm đến 30% (không kèm khuyến mãi khác)', 'Bộ sản phẩm gồm: Hộp, Sách hướng dẫn, Cây lấy sim, Ốp lưng, Cáp microUSB, Củ sạc rời đầu Type A ', '1652189136_Vivo-y15s-2021-avt-removebg.png', '<h3><span style=\"font-size:18px\"><span style=\"font-family:times new roman,times,serif\"><strong><a href=\"https://www.thegioididong.com/dtdd-vivo\" target=\"_blank\" title=\"Tham khảo giá điện thoại smartphone Vivo chính hãng\">Vivo</a>&nbsp;vừa mang một chiến binh mới đến ph&acirc;n kh&uacute;c tầm trung gi&aacute; rẻ c&oacute; t&ecirc;n&nbsp;<a href=\"https://www.thegioididong.com/dtdd/vivo-y15s-2021\" target=\"_blank\" title=\"Tham khảo giá điện thoại Vivo Y15s (2021) chính hãng\">Vivo Y15s</a>, một sản phẩm sở hữu kh&aacute; nhiều ưu điểm như thiết kế đẹp, m&agrave;n h&igrave;nh lớn, camera k&eacute;p, pin cực tr&acirc;u v&agrave; c&ograve;n rất nhiều điều th&uacute; vị kh&aacute;c đang chờ đ&oacute;n bạn.</strong></span></span></h3>\r\n', '<h3><strong><span style=\"font-size:18px\"><span style=\"font-family:times new roman,times,serif\">Ngoại h&igrave;nh sang trọng, ấn tượng</span></span></strong></h3>\r\n\r\n<p><span style=\"font-size:18px\"><span style=\"font-family:times new roman,times,serif\">Vivo Y15s sở hữu nhiều điểm tương đồng với những &quot;người anh em&quot;&nbsp;<a href=\"https://www.thegioididong.com/dtdd/vivo-y15\" target=\"_blank\" title=\"Tham khảo giá điện thoại Vivo Y15 chính hãng\">Vivo Y15</a>&nbsp;của m&igrave;nh khi to&agrave;n bộ th&acirc;n m&aacute;y l&agrave;m bằng Polymer cao cấp, thiết kế cong cạnh 3D v&agrave; ki&ecirc;̉u dáng mỏng nhẹ chỉ 8.28 mm đem lại cảm gi&aacute;c cầm m&aacute;y trong tay kh&aacute; thoải m&aacute;i.</span></span></p>\r\n\r\n<p><span style=\"font-size:18px\"><span style=\"font-family:times new roman,times,serif\">Mặt lưng ho&agrave;n thiện với họa tiết kẻ sọc mờ với hai t&ugrave;y chọn m&agrave;u sắc Xanh Biển S&acirc;u v&agrave; Trắng c&oacute; khả năng chuyển s&aacute;ng xanh v&ocirc; c&ugrave;ng đẹp mắt.</span></span></p>\r\n\r\n<p>&nbsp;</p>\r\n\r\n<p><span style=\"font-size:18px\"><span style=\"font-family:times new roman,times,serif\"><a href=\"https://www.thegioididong.com/images/42/249720/vivo-y15s-2021-301021-105513.jpg\" onclick=\"return false;\"><img alt=\"Điện thoại Vivo Y15s | Ngoại hình sang trọng ấn tượng\" src=\"https://cdn.tgdd.vn/Products/Images/42/249720/vivo-y15s-2021-301021-105513.jpg\" title=\"Điện thoại Vivo Y15s | Ngoại hình sang trọng ấn tượng\" /></a></span></span></p>\r\n\r\n<p>&nbsp;</p>\r\n\r\n<p><span style=\"font-size:18px\"><span style=\"font-family:times new roman,times,serif\">Điện thoại c&ograve;n được trang bị t&iacute;nh năng bảo mật&nbsp;<a href=\"https://www.thegioididong.com/dtdd-bao-mat-van-tay\" target=\"_blank\" title=\"Tham khảo giá điện thoại smartphone có bảo mật cảm biến vân tay\">mở kh&oacute;a v&acirc;n tay</a>&nbsp;ở cạnh b&ecirc;n, được t&iacute;ch hợp ho&agrave;n hảo với n&uacute;t nguồn ở vị tr&iacute; v&ocirc; c&ugrave;ng thuận lợi gi&uacute;p người d&ugrave;ng c&oacute; thể mở kh&oacute;a cực nhanh chỉ trong 0.232 gi&acirc;y.</span></span></p>\r\n\r\n<p>&nbsp;</p>\r\n\r\n<p><span style=\"font-size:18px\"><span style=\"font-family:times new roman,times,serif\"><a href=\"https://www.thegioididong.com/images/42/249720/vivo-y15s-2021-301021-105457.jpg\" onclick=\"return false;\"><img alt=\"Điện thoại Vivo Y15s | Mở khóa vân tay ở cạnh viền\" src=\"https://cdn.tgdd.vn/Products/Images/42/249720/vivo-y15s-2021-301021-105457.jpg\" title=\"Điện thoại Vivo Y15s | Mở khóa vân tay ở cạnh viền\" /></a></span></span></p>\r\n\r\n<p>&nbsp;</p>\r\n\r\n<p><span style=\"font-size:18px\"><span style=\"font-family:times new roman,times,serif\">M&agrave;n h&igrave;nh của Vivo Y15s c&oacute; k&iacute;ch thước l&ecirc;n tới 6.51 inch với thi&ecirc;́t k&ecirc;́ tr&agrave;n vi&ecirc;̀n si&ecirc;u mỏng hai b&ecirc;n giúp tăng tỷ l&ecirc;̣ hi&ecirc;̉n thị hình ảnh, tạo n&ecirc;n trải nghi&ecirc;̣m quan sát ch&acirc;n thực. Độ s&aacute;ng của m&agrave;n h&igrave;nh sẽ tự động điều chỉnh theo điều kiện m&ocirc;i trường xung quanh v&agrave; chế độ bảo vệ mắt gi&uacute;p giảm &aacute;nh s&aacute;ng xanh, bảo vệ thị lực của bạn v&agrave; mang lại trải nghiệm sử dụng lu&ocirc;n được thoải m&aacute;i nhất.</span></span></p>\r\n\r\n<p>&nbsp;</p>\r\n\r\n<p><span style=\"font-size:18px\"><span style=\"font-family:times new roman,times,serif\"><a href=\"https://www.thegioididong.com/images/42/249720/vivo-y15s-2021-261221-094658.jpg\" onclick=\"return false;\"><img alt=\"Màn hình Vivo Y15s\" src=\"https://cdn.tgdd.vn/Products/Images/42/249720/vivo-y15s-2021-261221-094658.jpg\" title=\"Màn hình Vivo Y15s\" /></a></span></span></p>\r\n\r\n<p>&nbsp;</p>\r\n\r\n<h3><strong><span style=\"font-size:18px\"><span style=\"font-family:times new roman,times,serif\">S&aacute;ng tạo kh&ocirc;ng ngừng với bộ đ&ocirc;i camera AI</span></span></strong></h3>\r\n\r\n<p><span style=\"font-size:18px\"><span style=\"font-family:times new roman,times,serif\">Vivo Y15s được trang bị bộ đ&ocirc;i camera sau, camera ch&iacute;nh c&oacute; độ ph&acirc;n giải 13 MP kh&acirc;̉u đ&ocirc;̣ f/2.2 hỗ trợ chụp ảnh góc r&ocirc;̣ng, l&acirc;́y nét tự đ&ocirc;̣ng và camera phụ 2 MP kh&acirc;̉u đ&ocirc;̣ f/2.4 hỗ trợ chụp ảnh macro, m&aacute;y hỗ trợ chụp&nbsp;<a href=\"https://www.thegioididong.com/dtdd-camera-xoa-phong\" target=\"_blank\" title=\"Tham khảo giá điện thoại smartphone camera chụp hình xoá phông\">xóa ph&ocirc;ng</a>&nbsp;với sự gi&uacute;p sức của tr&iacute; tuệ nh&acirc;n tạo AI, cho bạn s&aacute;ng tạo kh&ocirc;ng giới hạn trong nhiếp ảnh.</span></span></p>\r\n\r\n<p>&nbsp;</p>\r\n\r\n<p><span style=\"font-size:18px\"><span style=\"font-family:times new roman,times,serif\"><a href=\"https://www.thegioididong.com/images/42/249720/vivo-y15s-2021-301021-110702.jpg\" onclick=\"return false;\"><img alt=\"Điện thoại Vivo Y15s | Sáng tạo không ngừng nghỉ với bộ đôi camera sau\" src=\"https://cdn.tgdd.vn/Products/Images/42/249720/vivo-y15s-2021-301021-110702.jpg\" title=\"Điện thoại Vivo Y15s | Sáng tạo không ngừng nghỉ với bộ đôi camera sau\" /></a></span></span></p>\r\n\r\n<p>&nbsp;</p>\r\n\r\n<p><span style=\"font-size:18px\"><span style=\"font-family:times new roman,times,serif\">B&ecirc;n cạnh bộ đ&ocirc;i camera sau chuy&ecirc;n nghiệp, camera trước của Vivo Y15s cũng kh&ocirc;ng hề k&eacute;m cạnh với độ ph&acirc;n giải l&ecirc;n tới 8 MP, hỗ trợ đầy đủ c&aacute;c t&iacute;nh năng l&agrave;m đẹp bằng tr&iacute; tuệ nh&acirc;n tạo AI, để bạn lu&ocirc;n c&oacute; được những tấm h&igrave;nh tuyệt vời trong từng chi tiết.&nbsp;</span></span></p>\r\n\r\n<p><span style=\"font-size:18px\"><span style=\"font-family:times new roman,times,serif\">Trong đ&oacute; c&oacute; thể kể tới t&iacute;nh năng b&ugrave; s&aacute;ng selfie tự động điều chỉnh để th&iacute;ch ứng với &aacute;nh s&aacute;ng của m&ocirc;i trường xung quanh v&agrave; c&ocirc;ng nghệ Face Beauty sẽ gợi &yacute; những điều chỉnh tr&ecirc;n gương mặt được thiết kế d&agrave;nh ri&ecirc;ng cho bạn để bạn lu&ocirc;n được tỏa s&aacute;ng trong mọi khung ảnh.</span></span></p>\r\n\r\n<p>&nbsp;</p>\r\n\r\n<p><span style=\"font-size:18px\"><span style=\"font-family:times new roman,times,serif\"><a href=\"https://www.thegioididong.com/images/42/249720/vivo-y15s-2021-301021-110705.jpg\" onclick=\"return false;\"><img alt=\"Điện thoại Vivo Y15s | Tính năng bù sáng khi selfie\" src=\"https://cdn.tgdd.vn/Products/Images/42/249720/vivo-y15s-2021-301021-110705.jpg\" title=\"Điện thoại Vivo Y15s | Tính năng bù sáng khi selfie\" /></a></span></span></p>\r\n\r\n<p>&nbsp;</p>\r\n\r\n<p><span style=\"font-size:18px\"><span style=\"font-family:times new roman,times,serif\">Ngo&agrave;i ra, Y15s c&ograve;n hỗ trợ th&ecirc;m t&iacute;nh năng&nbsp;<a href=\"https://www.thegioididong.com/dtdd-bao-mat-khuon-mat\" target=\"_blank\" title=\"Tham khảo giá điện thoại smartphone có bảo mật mở khoá khuôn mặt\">nhận diện khu&ocirc;n mặt</a>&nbsp;th&ocirc;ng minh, bạn chỉ cần nhấc điện thoại đối diện với khu&ocirc;n mặt l&agrave; c&oacute; thể mở kh&oacute;a dễ d&agrave;ng.</span></span></p>\r\n\r\n<p>&nbsp;</p>\r\n\r\n<p><span style=\"font-size:18px\"><span style=\"font-family:times new roman,times,serif\"><a href=\"https://www.thegioididong.com/images/42/249720/vivo-y15s-2021-301021-105453.jpg\" onclick=\"return false;\"><img alt=\"Điện thoại Vivo Y15s | Tính năng mở khóa bằng khuôn mặt\" src=\"https://cdn.tgdd.vn/Products/Images/42/249720/vivo-y15s-2021-301021-105453.jpg\" title=\"Điện thoại Vivo Y15s | Tính năng mở khóa bằng khuôn mặt\" /></a></span></span></p>\r\n\r\n<p>&nbsp;</p>\r\n\r\n<h3><strong><span style=\"font-size:18px\"><span style=\"font-family:times new roman,times,serif\">Hiệu năng ổn định cho c&aacute;c t&aacute;c vụ cơ bản h&agrave;ng ng&agrave;y</span></span></strong></h3>\r\n\r\n<p><span style=\"font-size:18px\"><span style=\"font-family:times new roman,times,serif\">Điện thoại Vivo Y15s được trang bị bộ vi xử l&yacute; MediaTek Helio P35 8 nh&acirc;n c&oacute; tốc độ l&ecirc;n đến 2.3 GHz v&agrave; sản xuất tr&ecirc;n tiến tr&igrave;nh 12 nm cho hiệu năng cao đồng thời tiết kiệm năng lượng một c&aacute;ch tối ưu.&nbsp;</span></span></p>\r\n\r\n<p>&nbsp;</p>\r\n\r\n<p><span style=\"font-size:18px\"><span style=\"font-family:times new roman,times,serif\"><a href=\"https://www.thegioididong.com/images/42/249720/vivo-y15s-2021-301021-110832.jpg\" onclick=\"return false;\"><img alt=\"Điện thoại Vivo Y15s | Hiệu năng mượt mà\" src=\"https://cdn.tgdd.vn/Products/Images/42/249720/vivo-y15s-2021-301021-110832.jpg\" title=\"Điện thoại Vivo Y15s | Hiệu năng mượt mà\" /></a></span></span></p>\r\n\r\n<p>&nbsp;</p>\r\n\r\n<p><span style=\"font-size:18px\"><span style=\"font-family:times new roman,times,serif\">Vivo Y15s sở hữu&nbsp;<a href=\"https://www.thegioididong.com/dtdd-ram-3gb\" target=\"_blank\" title=\"Tham khảo điện thoại có dung lượng RAM 3 GB đang bán tại TGDĐ\">3 GB RAM</a>&nbsp;v&agrave;&nbsp;<a href=\"https://www.thegioididong.com/dtdd-rom-32gb\" target=\"_blank\" title=\"Tham khảo điện thoại có bộ nhớ trong từ 32 GB\">32 GB bộ nhớ trong</a>&nbsp;vừa đủ để c&agrave;i đặt v&agrave; sử dụng c&aacute;c ứng dụng quan trọng thường d&ugrave;ng, bạn c&oacute; thể lưu trữ h&igrave;nh ảnh, video, dữ liệu kh&aacute;c,... tr&ecirc;n thẻ nhớ ngo&agrave;i, được hỗ trợ thẻ nhớ c&oacute; dung lượng tối đa đến 1 TB.</span></span></p>\r\n\r\n<p><span style=\"font-size:18px\"><span style=\"font-family:times new roman,times,serif\">Vivo Y15s trang bị hệ điều h&agrave;nh&nbsp;Android 11 phi&ecirc;n bản Go edition (c&ograve;n c&oacute; thể gọi tắt l&agrave; Android Go) -&nbsp;l&agrave; 1 phi&ecirc;n bản tối ưu, k&iacute;ch thước nhẹ v&agrave; tiết kiệm dữ liệu hơn.&nbsp;Android 11 Go edition cải thiện thời gian khởi động ứng dụng l&ecirc;n 20% (so với&nbsp;Android 10 Go edition),&nbsp;th&ecirc;m dung lượng lưu trữ hệ điều h&agrave;nh l&ecirc;n đến 900 MB v&agrave; tối đa 270 MB bộ nhớ RAM trống gi&uacute;p bạn thao t&aacute;c đa nhiệm mượt m&agrave; hơn.</span></span></p>\r\n\r\n<p><span style=\"font-size:18px\"><span style=\"font-family:times new roman,times,serif\">Lưu &yacute; th&ecirc;m: Android 11 Go edition chưa hỗ trợ c&aacute;c t&iacute;nh năng bao gồm chia đ&ocirc;i m&agrave;n h&igrave;nh/cửa sổ đa nhiệm, h&igrave;nh trong h&igrave;nh, multi display, nhiều người d&ugrave;ng, h&igrave;nh nền động.</span></span></p>\r\n\r\n<p>&nbsp;</p>\r\n\r\n<p><span style=\"font-size:18px\"><span style=\"font-family:times new roman,times,serif\"><a href=\"https://www.thegioididong.com/images/42/249720/vivo-y15s-2021-261221-114126.jpg\" onclick=\"return false;\"><img alt=\"Android 11 Go edition\" src=\"https://cdn.tgdd.vn/Products/Images/42/249720/vivo-y15s-2021-261221-114126.jpg\" title=\"Android 11 Go edition\" /></a></span></span></p>\r\n\r\n<p>&nbsp;</p>\r\n\r\n<p><span style=\"font-size:18px\"><span style=\"font-family:times new roman,times,serif\">Tr&ecirc;n Vivo Y15s c&ograve;n c&oacute; th&ecirc;m chế độ Multi-Turbo 3.0, thiết kế d&agrave;nh ri&ecirc;ng cho việc chơi game đỉnh cao, tập trung v&agrave;o việc tối ưu h&oacute;a v&agrave; ph&acirc;n bổ t&agrave;i nguy&ecirc;n bộ nhớ một c&aacute;ch hợp l&yacute; gi&uacute;p điện thoại c&oacute; thể vận h&agrave;nh mượt m&agrave;, giảm giật lag trong c&aacute;c tr&ograve; chơi.</span></span></p>\r\n\r\n<p>&nbsp;</p>\r\n\r\n<p><span style=\"font-size:18px\"><span style=\"font-family:times new roman,times,serif\"><a href=\"https://www.thegioididong.com/images/42/249720/vivo-y15s-2021-261221-114435.jpg\" onclick=\"return false;\"><img alt=\"Multi-Turbo 3 trên Vivo Y15s\" src=\"https://cdn.tgdd.vn/Products/Images/42/249720/vivo-y15s-2021-261221-114435.jpg\" title=\"Multi-Turbo 3 trên Vivo Y15s\" /></a></span></span></p>\r\n\r\n<p>&nbsp;</p>\r\n\r\n<p><span style=\"font-size:18px\"><span style=\"font-family:times new roman,times,serif\">Vivo Y15s sở hữu dung lượng pin lớn 5000 mAh đủ để đ&aacute;p ứng c&aacute;c hoạt động nghe gọi, lướt web, nghe nhạc, xem YouTube trong 1 ng&agrave;y của bạn.</span></span></p>\r\n\r\n<p>&nbsp;</p>\r\n\r\n<p><span style=\"font-size:18px\"><span style=\"font-family:times new roman,times,serif\"><a href=\"https://www.thegioididong.com/images/42/249720/vivo-y15s-2021-301021-105501.jpg\" onclick=\"return false;\"><img alt=\"Điện thoại Vivo Y15s | Thời lượng pin ấn tượng\" src=\"https://cdn.tgdd.vn/Products/Images/42/249720/vivo-y15s-2021-301021-105501.jpg\" title=\"Điện thoại Vivo Y15s | Thời lượng pin ấn tượng\" /></a></span></span></p>\r\n\r\n<p>&nbsp;</p>\r\n\r\n<p><span style=\"font-size:18px\"><span style=\"font-family:times new roman,times,serif\">Nh&igrave;n chung, Vivo Y15s m&ocirc;̣t lựa chọn kh&ocirc;ng t&ocirc;̀i cho người dùng đam m&ecirc; giải trí với màn hình lớn và hi&ecirc;̣u năng t&ocirc;́t rất đ&aacute;ng để người d&ugrave;ng lưu t&acirc;m trong ph&acirc;n kh&uacute;c tầm trung - gi&aacute; rẻ.</span></span></p>\r\n', 'vivo, smartphone, n3store', 3490000, 1, 3, 1, '2022-05-09 19:01:44', '2022-05-10 06:25:36');

-- --------------------------------------------------------

--
-- Table structure for table `pro_details`
--

CREATE TABLE `pro_details` (
  `id` int(10) UNSIGNED NOT NULL,
  `cpu` varchar(255) COLLATE utf8_unicode_ci NOT NULL,
  `ram` varchar(255) COLLATE utf8_unicode_ci NOT NULL,
  `screen` varchar(255) COLLATE utf8_unicode_ci NOT NULL,
  `vga` varchar(255) COLLATE utf8_unicode_ci NOT NULL,
  `storage` varchar(255) COLLATE utf8_unicode_ci NOT NULL,
  `exten_memmory` varchar(100) COLLATE utf8_unicode_ci DEFAULT NULL,
  `cam1` varchar(255) COLLATE utf8_unicode_ci NOT NULL,
  `cam2` varchar(255) COLLATE utf8_unicode_ci NOT NULL,
  `sim` varchar(255) COLLATE utf8_unicode_ci NOT NULL,
  `connect` varchar(255) COLLATE utf8_unicode_ci NOT NULL,
  `pin` varchar(255) COLLATE utf8_unicode_ci NOT NULL,
  `os` varchar(255) COLLATE utf8_unicode_ci NOT NULL,
  `note` text COLLATE utf8_unicode_ci NOT NULL,
  `pro_id` int(10) UNSIGNED NOT NULL,
  `created_at` timestamp NULL DEFAULT NULL,
  `updated_at` timestamp NULL DEFAULT NULL
) ENGINE=InnoDB DEFAULT CHARSET=utf8 COLLATE=utf8_unicode_ci;

--
-- Dumping data for table `pro_details`
--

INSERT INTO `pro_details` (`id`, `cpu`, `ram`, `screen`, `vga`, `storage`, `exten_memmory`, `cam1`, `cam2`, `sim`, `connect`, `pin`, `os`, `note`, `pro_id`, `created_at`, `updated_at`) VALUES
(62, 'Snapdragon 8 Gen 1 8 nhân', '8 GB', ' Dynamic AMOLED 2X, ', '', '128 GB', 'Không', 'Chính 108 MP & Phụ 12 MP, 10 MP, 10 MP', '40 MP', '2 Nano SIM hoặc 1 Nano SIM + 1 eSIMHỗ trợ 5G', 'Type-C, NFC', '5000 mAh, 45 W', ' Android 12', 'Không có', 95, '2022-05-06 08:19:59', '2022-05-10 06:24:02'),
(63, 'Snapdragon 888', '12 GB', 'Dynamic AMOLED 2XChính 7.6', '', '512 GB', 'Không', '3 camera 12 MP', '10 MP & 4 MP', '2 Nano SIM + 1 eSIM, Hỗ trợ 5G', 'Type-C, NFC, OTG', '4400 mAh, 25 W', 'Android 11', 'Không có', 96, '2022-05-06 08:31:22', '2022-05-10 06:24:34'),
(64, 'Snapdragon 8 Gen 1 8 nhân', '12 GB', 'Dynamic AMOLED 2X6.8', '', '512 GB', 'Không', 'Chính 108 MP & Phụ 12 MP, 10 MP, 10 MP', '40 MP', '2 Nano SIM hoặc 1 Nano SIM + 1 eSIM Hỗ trợ 5G', 'Type-C, NFC', '5000 mAh, 45 W', ' Android 12', 'Không có', 97, '2022-05-06 08:39:00', '2022-05-10 06:24:47'),
(65, 'Apple A15 Bionic', '6 GB', 'OLED6.7', '', '256 GB', 'không', '3 camera 12 MP', '12 MP', '1 Nano SIM & 1 eSIM Hỗ trợ 5G', 'Lightning, NFC', '4352 mAh 20 W', 'iOS 15', 'Không có', 98, '2022-05-06 08:47:23', '2022-05-10 06:25:03'),
(70, 'Snapdragon 765G', '8 GB', 'AMOLED, 6.43', '', '128 GB', 'Không', 'Chính 64 MP & Phụ 8 MP, 2 MP, 2 MP', '32 MP', '2 Nano SIM, Hỗ trợ 5G', 'Type-C, NFC, OTG', '4300 mAh, 65 W', 'Android 11', 'Không có', 103, '2022-05-09 18:48:38', '2022-05-10 06:25:21'),
(71, 'MediaTek Helio P35', '3 GB', 'IPS LCD, 6.51', '', '32 GB', 'MicroSD, hỗ trợ tối đa 1 TB', 'Chính 13 MP & Phụ 2 MP', ' 8 MP', '2 Nano SIM, Hỗ trợ 4G', 'Micro USB,  OTG', ' 5000 mAh, 10 W', 'Android 11', 'Không có', 104, '2022-05-09 19:01:44', '2022-05-10 06:25:36');

-- --------------------------------------------------------

--
-- Table structure for table `users`
--

CREATE TABLE `users` (
  `id` int(10) UNSIGNED NOT NULL,
  `name` varchar(255) COLLATE utf8_unicode_ci NOT NULL,
  `email` varchar(255) COLLATE utf8_unicode_ci NOT NULL,
  `password` varchar(255) COLLATE utf8_unicode_ci NOT NULL,
  `phone` varchar(255) COLLATE utf8_unicode_ci NOT NULL,
  `address` varchar(255) COLLATE utf8_unicode_ci NOT NULL,
  `status` int(11) NOT NULL,
  `remember_token` varchar(100) COLLATE utf8_unicode_ci DEFAULT NULL,
  `created_at` timestamp NULL DEFAULT NULL,
  `updated_at` timestamp NULL DEFAULT NULL
) ENGINE=InnoDB DEFAULT CHARSET=utf8 COLLATE=utf8_unicode_ci;

--
-- Dumping data for table `users`
--

INSERT INTO `users` (`id`, `name`, `email`, `password`, `phone`, `address`, `status`, `remember_token`, `created_at`, `updated_at`) VALUES
(1, 'Võ Huỳnh Đức', 'ducvo999@gmail.com', '$2y$10$TEY9mtHYRJ4G9oW.6n9D9.5.eHfae7I1po7iNVE8cNMsEORxtzv0m', '0999999999', 'Vĩnh Long', 1, 'jFFpU4F9xl8TLtjS6DPBiI8qWugcLLXQWMtRSWx9UtBoB3TrjGpx66X8xMMh', '2022-05-02 00:38:38', '2022-05-02 00:38:38'),
(2, 'Từ Ngọc Diệp', 'diep999@gmail.com', '$2y$10$l1kbe4s6eABtFVZqe5UpIese0vCemAMafuRjEPBanY8VIhZJgMUU2', '0999999991', 'Trà Vinh', 1, NULL, '2022-05-02 00:38:38', '2022-05-02 00:38:38'),
(4, 'Nguyễn Vĩ Khang', 'vkhang1809@gmail.com', '$2y$10$xsY0eFC5rJ8ze9P1ocse7ujmXkV2adFgbES3.0ZPuzrZisc6peuNG', '0373914272', 'Đông Hiển, Đông Thuận, Thới Lai, Cần Thơ', 1, NULL, '2022-05-08 00:55:49', '2022-05-08 00:55:49');

--
-- Indexes for dumped tables
--

--
-- Indexes for table `admin_users`
--
ALTER TABLE `admin_users`
  ADD PRIMARY KEY (`id`),
  ADD UNIQUE KEY `admin_users_email_unique` (`email`);

--
-- Indexes for table `banners`
--
ALTER TABLE `banners`
  ADD PRIMARY KEY (`id`),
  ADD KEY `banners_user_id_foreign` (`user_id`);

--
-- Indexes for table `category`
--
ALTER TABLE `category`
  ADD PRIMARY KEY (`id`);

--
-- Indexes for table `detail_img`
--
ALTER TABLE `detail_img`
  ADD PRIMARY KEY (`id`),
  ADD KEY `detail_img_pro_id_foreign` (`pro_id`);

--
-- Indexes for table `news`
--
ALTER TABLE `news`
  ADD PRIMARY KEY (`id`),
  ADD KEY `news_cat_id_foreign` (`cat_id`),
  ADD KEY `news_user_id_foreign` (`user_id`);

--
-- Indexes for table `oders`
--
ALTER TABLE `oders`
  ADD PRIMARY KEY (`id`),
  ADD KEY `oders_c_id_foreign` (`c_id`);

--
-- Indexes for table `oders_detail`
--
ALTER TABLE `oders_detail`
  ADD PRIMARY KEY (`id`),
  ADD KEY `oders_detail_pro_id_foreign` (`pro_id`),
  ADD KEY `oders_detail_o_id_foreign` (`o_id`);

--
-- Indexes for table `password_resets`
--
ALTER TABLE `password_resets`
  ADD KEY `password_resets_email_index` (`email`),
  ADD KEY `password_resets_token_index` (`token`);

--
-- Indexes for table `products`
--
ALTER TABLE `products`
  ADD PRIMARY KEY (`id`),
  ADD KEY `products_cat_id_foreign` (`cat_id`),
  ADD KEY `products_user_id_foreign` (`user_id`);

--
-- Indexes for table `pro_details`
--
ALTER TABLE `pro_details`
  ADD PRIMARY KEY (`id`),
  ADD KEY `pro_details_pro_id_foreign` (`pro_id`);

--
-- Indexes for table `users`
--
ALTER TABLE `users`
  ADD PRIMARY KEY (`id`),
  ADD UNIQUE KEY `users_email_unique` (`email`);

--
-- AUTO_INCREMENT for dumped tables
--

--
-- AUTO_INCREMENT for table `admin_users`
--
ALTER TABLE `admin_users`
  MODIFY `id` int(10) UNSIGNED NOT NULL AUTO_INCREMENT, AUTO_INCREMENT=2;

--
-- AUTO_INCREMENT for table `banners`
--
ALTER TABLE `banners`
  MODIFY `id` int(10) UNSIGNED NOT NULL AUTO_INCREMENT;

--
-- AUTO_INCREMENT for table `category`
--
ALTER TABLE `category`
  MODIFY `id` int(10) UNSIGNED NOT NULL AUTO_INCREMENT, AUTO_INCREMENT=57;

--
-- AUTO_INCREMENT for table `detail_img`
--
ALTER TABLE `detail_img`
  MODIFY `id` int(10) UNSIGNED NOT NULL AUTO_INCREMENT, AUTO_INCREMENT=114;

--
-- AUTO_INCREMENT for table `news`
--
ALTER TABLE `news`
  MODIFY `id` int(10) UNSIGNED NOT NULL AUTO_INCREMENT, AUTO_INCREMENT=29;

--
-- AUTO_INCREMENT for table `oders`
--
ALTER TABLE `oders`
  MODIFY `id` int(10) UNSIGNED NOT NULL AUTO_INCREMENT, AUTO_INCREMENT=21;

--
-- AUTO_INCREMENT for table `oders_detail`
--
ALTER TABLE `oders_detail`
  MODIFY `id` int(10) UNSIGNED NOT NULL AUTO_INCREMENT, AUTO_INCREMENT=28;

--
-- AUTO_INCREMENT for table `products`
--
ALTER TABLE `products`
  MODIFY `id` int(10) UNSIGNED NOT NULL AUTO_INCREMENT, AUTO_INCREMENT=106;

--
-- AUTO_INCREMENT for table `pro_details`
--
ALTER TABLE `pro_details`
  MODIFY `id` int(10) UNSIGNED NOT NULL AUTO_INCREMENT, AUTO_INCREMENT=73;

--
-- AUTO_INCREMENT for table `users`
--
ALTER TABLE `users`
  MODIFY `id` int(10) UNSIGNED NOT NULL AUTO_INCREMENT, AUTO_INCREMENT=5;

--
-- Constraints for dumped tables
--

--
-- Constraints for table `banners`
--
ALTER TABLE `banners`
  ADD CONSTRAINT `banners_user_id_foreign` FOREIGN KEY (`user_id`) REFERENCES `users` (`id`) ON DELETE CASCADE;

--
-- Constraints for table `detail_img`
--
ALTER TABLE `detail_img`
  ADD CONSTRAINT `detail_img_pro_id_foreign` FOREIGN KEY (`pro_id`) REFERENCES `products` (`id`) ON DELETE CASCADE;

--
-- Constraints for table `news`
--
ALTER TABLE `news`
  ADD CONSTRAINT `news_cat_id_foreign` FOREIGN KEY (`cat_id`) REFERENCES `category` (`id`) ON DELETE CASCADE,
  ADD CONSTRAINT `news_user_id_foreign` FOREIGN KEY (`user_id`) REFERENCES `users` (`id`) ON DELETE CASCADE;

--
-- Constraints for table `oders`
--
ALTER TABLE `oders`
  ADD CONSTRAINT `oders_c_id_foreign` FOREIGN KEY (`c_id`) REFERENCES `users` (`id`) ON DELETE CASCADE;

--
-- Constraints for table `oders_detail`
--
ALTER TABLE `oders_detail`
  ADD CONSTRAINT `oders_detail_o_id_foreign` FOREIGN KEY (`o_id`) REFERENCES `oders` (`id`) ON DELETE CASCADE,
  ADD CONSTRAINT `oders_detail_pro_id_foreign` FOREIGN KEY (`pro_id`) REFERENCES `products` (`id`) ON DELETE CASCADE;

--
-- Constraints for table `products`
--
ALTER TABLE `products`
  ADD CONSTRAINT `products_cat_id_foreign` FOREIGN KEY (`cat_id`) REFERENCES `category` (`id`) ON DELETE CASCADE,
  ADD CONSTRAINT `products_user_id_foreign` FOREIGN KEY (`user_id`) REFERENCES `users` (`id`) ON DELETE CASCADE;

--
-- Constraints for table `pro_details`
--
ALTER TABLE `pro_details`
  ADD CONSTRAINT `pro_details_pro_id_foreign` FOREIGN KEY (`pro_id`) REFERENCES `products` (`id`) ON DELETE CASCADE;
COMMIT;

/*!40101 SET CHARACTER_SET_CLIENT=@OLD_CHARACTER_SET_CLIENT */;
/*!40101 SET CHARACTER_SET_RESULTS=@OLD_CHARACTER_SET_RESULTS */;
/*!40101 SET COLLATION_CONNECTION=@OLD_COLLATION_CONNECTION */;
